window_id,label_row,solution_id,type,label,event_index,pause_start_ts,trigger_ts,trigger_definition,session_start_ts,session_end_ts,keys_5s,backspace_5s,navigation_5s,enter_5s,keys_10s,backspace_10s,navigation_10s,enter_10s,keys_30s,backspace_30s,navigation_30s,enter_30s,keys_60s,backspace_60s,navigation_60s,enter_60s,keys_120s,backspace_120s,navigation_120s,enter_120s,events_before,current_idle_s
1170817:0000,0,1170817,DEBUG,1,364,2025-12-26T19:34:41.754000,2025-12-26T19:34:43.754000,backspace+2s,2025-12-26T19:06:58.537000,2025-12-26T19:36:25.330000,1,1,0,0,1,1,0,0,1,1,0,0,4,1,0,0,4,1,0,0,365,2.0
1211560:0001,1,1211560,IDLE,1,37,2025-12-30T13:05:05.570000,2025-12-30T13:05:35.570000,pause_start+30s,2025-12-30T13:04:33.249000,2025-12-30T13:26:07.780000,0,0,0,0,0,0,0,0,1,0,0,0,28,0,0,3,38,0,0,5,38,30.0
1132904:0002,2,1132904,DEBUG,1,762,2025-12-23T22:44:05.610000,2025-12-23T22:44:07.610000,backspace+2s,2025-12-23T22:25:13.247000,2025-12-23T22:50:11.208000,3,1,0,0,3,1,0,0,4,1,0,0,7,2,0,0,125,2,0,11,763,2.0
1132904:0003,3,1132904,DEBUG,1,762,2025-12-23T22:44:05.610000,2025-12-23T22:44:07.610000,backspace+2s,2025-12-23T22:25:13.247000,2025-12-23T22:50:11.208000,3,1,0,0,3,1,0,0,4,1,0,0,7,2,0,0,125,2,0,11,763,2.0
1308509:0004,4,1308509,DEBUG,1,142,2026-01-07T09:07:44.926000,2026-01-07T09:07:46.926000,backspace+2s,2026-01-07T09:04:41.118000,2026-01-07T09:21:21.878000,1,1,0,0,1,1,0,0,3,1,0,0,11,1,0,0,51,1,0,2,143,2.0
1254255:0005,5,1254255,IDLE,1,139,2026-01-04T11:18:17.392000,2026-01-04T11:18:47.392000,pause_start+30s,2026-01-04T11:14:13.370000,2026-01-04T11:31:50.949000,0,0,0,0,0,0,0,0,1,0,0,0,23,0,0,1,68,0,0,3,140,30.0
1341071:0006,6,1341071,IDLE,1,3,2026-01-08T15:12:32.647000,2026-01-08T15:13:02.647000,pause_start+30s,2026-01-08T15:12:24.883000,2026-01-08T15:29:51.787000,0,0,0,0,0,0,0,0,1,0,0,1,4,0,0,2,4,0,0,2,4,30.0
992224:0007,7,992224,IDLE,1,433,2025-12-06T08:47:11.135000,2025-12-06T08:47:41.135000,pause_start+30s,2025-12-06T08:38:44.923000,2025-12-06T09:07:47.502000,0,0,0,0,0,0,0,0,1,0,0,0,47,0,0,1,102,0,0,5,434,30.0
1439761:0008,8,1439761,IDLE,1,2,2026-03-27T21:30:08.518000,2026-03-27T21:30:38.518000,pause_start+30s,2026-03-27T21:30:04.519000,2026-03-27T21:57:34.109000,0,0,0,0,0,0,0,0,1,0,0,0,3,0,0,0,3,0,0,0,3,30.0
1218084:0009,9,1218084,DEBUG,1,546,2025-12-30T20:22:15.702000,2025-12-30T20:22:17.702000,backspace+2s,2025-12-30T20:10:40.337000,2025-12-30T20:22:30.275000,22,22,0,0,22,22,0,0,22,22,0,0,25,22,0,0,64,22,0,2,547,2.0
1340414:0010,10,1340414,IDLE,1,213,2026-01-08T14:59:40.119000,2026-01-08T15:00:10.119000,pause_start+30s,2026-01-08T14:56:53.673000,2026-01-08T15:17:41.976000,0,0,0,0,0,0,0,0,1,0,0,1,44,0,0,2,89,0,0,5,214,30.0
1221032:0011,11,1221032,IDLE,1,143,2025-12-30T22:14:37.180000,2025-12-30T22:15:07.180000,pause_start+30s,2025-12-30T22:13:43.260000,2025-12-30T22:32:10.265000,0,0,0,0,0,0,0,0,1,0,0,0,65,0,0,12,144,0,0,27,144,30.0
1332047:0012,12,1332047,IDLE,1,362,2026-01-08T08:55:50.622000,2026-01-08T08:56:20.622000,pause_start+30s,2026-01-08T08:53:15.700000,2026-01-08T09:20:10.693000,0,0,0,0,0,0,0,0,1,0,0,1,37,0,0,4,82,0,0,6,363,30.0
1378256:0013,13,1378256,IDLE,0,135,2026-01-09T20:44:20.942000,2026-01-09T20:44:50.942000,pause_start+30s,2026-01-09T20:42:59.436000,2026-01-09T20:54:51.300000,0,0,0,0,0,0,0,0,1,0,0,1,69,0,0,2,136,0,0,6,136,30.0
1117585:0014,14,1117585,IDLE,1,177,2025-12-22T17:13:32.952000,2025-12-22T17:14:02.952000,pause_start+30s,2025-12-22T17:11:50.673000,2025-12-22T17:38:49.377000,0,0,0,0,0,0,0,0,1,0,0,0,33,0,3,3,135,0,3,9,178,30.0
1423207:0015,15,1423207,IDLE,0,320,2026-03-23T12:22:00.385000,2026-03-23T12:22:30.385000,pause_start+30s,2026-03-23T12:18:36.842000,2026-03-23T12:40:29.504000,0,0,0,0,0,0,0,0,1,0,0,0,30,0,0,1,100,0,0,5,321,30.0
1167814:0016,16,1167814,DEBUG,1,269,2025-12-26T14:11:32.553000,2025-12-26T14:11:34.553000,backspace+2s,2025-12-26T14:06:09.966000,2025-12-26T14:17:33.331000,1,1,0,0,1,1,0,0,1,1,0,0,4,1,0,0,4,1,0,0,270,2.0
1110599:0017,17,1110599,DEBUG,0,315,2025-12-21T17:00:39.127000,2025-12-21T17:00:41.127000,backspace+2s,2025-12-21T16:54:12.928000,2025-12-21T17:17:12.290000,2,2,0,0,2,2,0,0,31,2,0,10,42,3,0,12,64,3,0,13,316,2.0
1340459:0018,18,1340459,DEBUG,1,70,2026-01-08T15:17:12.583000,2026-01-08T15:17:14.583000,backspace+2s,2026-01-08T15:15:39.469000,2026-01-08T15:20:19.100000,8,2,4,0,9,3,4,0,29,13,4,0,40,14,11,0,71,30,11,0,71,2.0
1418611:0019,19,1418611,IDLE,1,482,2026-03-02T17:29:50.322000,2026-03-02T17:30:20.322000,pause_start+30s,2026-03-02T17:22:19.890000,2026-03-02T17:46:44.549000,0,0,0,0,0,0,0,0,1,0,0,0,38,0,0,2,86,0,0,4,483,30.0
1162233:0020,20,1162233,DEBUG,1,411,2025-12-26T08:36:01.893000,2025-12-26T08:36:03.893000,backspace+2s,2025-12-26T08:19:27.933000,2025-12-26T08:36:36.630000,2,2,0,0,2,2,0,0,5,2,0,0,6,2,0,0,23,2,0,0,412,2.0
1362671:0021,21,1362671,IDLE,0,192,2026-01-09T11:33:38.256000,2026-01-09T11:34:08.256000,pause_start+30s,2026-01-09T11:31:38.410000,2026-01-09T11:54:47.783000,0,0,0,0,0,0,0,0,1,0,0,1,63,0,0,3,134,0,0,6,193,30.0
1306562:0022,22,1306562,IDLE,0,322,2026-01-07T08:24:33.267000,2026-01-07T08:25:03.267000,pause_start+30s,2026-01-07T08:18:55.518000,2026-01-07T08:47:08.828000,0,0,0,0,0,0,0,0,2,0,0,1,30,0,0,5,109,0,0,12,323,30.0
1081174:0023,23,1081174,IDLE,1,83,2025-12-18T14:31:03.509000,2025-12-18T14:31:33.509000,pause_start+30s,2025-12-18T14:30:34.346000,2025-12-18T14:55:09.679000,0,0,0,0,0,0,0,0,1,0,0,1,84,0,0,6,84,0,0,6,84,30.0
1315152:0024,24,1315152,IDLE,1,194,2026-01-07T14:52:56.577000,2026-01-07T14:53:26.577000,pause_start+30s,2026-01-07T14:50:12.398000,2026-01-07T15:14:34.812000,0,0,0,0,0,0,0,0,1,0,0,0,50,0,0,2,91,0,0,5,195,30.0
1084327:0025,25,1084327,IDLE,0,22,2025-12-18T17:52:28.492000,2025-12-18T17:52:58.492000,pause_start+30s,2025-12-18T17:52:22.902000,2025-12-18T18:21:56.632000,0,0,0,0,0,0,0,0,1,0,0,1,23,0,0,2,23,0,0,2,23,30.0
1037614:0026,26,1037614,IDLE,1,62,2025-12-12T16:35:18.751000,2025-12-12T16:35:48.751000,pause_start+30s,2025-12-12T16:34:18.279000,2025-12-12T16:47:57.761000,0,0,0,0,0,0,0,0,1,0,0,1,34,0,0,4,63,0,0,4,63,30.0
1170817:0027,27,1170817,DEBUG,1,364,2025-12-26T19:34:41.754000,2025-12-26T19:34:43.754000,backspace+2s,2025-12-26T19:06:58.537000,2025-12-26T19:36:25.330000,1,1,0,0,1,1,0,0,1,1,0,0,4,1,0,0,4,1,0,0,365,2.0
1267501:0028,28,1267501,DEBUG,1,99,2026-01-05T11:20:06.777000,2026-01-05T11:20:08.777000,backspace+2s,2026-01-05T11:14:06.714000,2026-01-05T11:34:06.510000,2,2,0,0,2,2,0,0,7,3,2,0,8,4,2,0,23,5,2,1,100,2.0
1434065:0029,29,1434065,IDLE,0,58,2026-03-25T16:58:02.784000,2026-03-25T16:58:32.784000,pause_start+30s,2026-03-25T16:57:40.109000,2026-03-25T17:08:06.240000,0,0,0,0,0,0,0,0,2,0,0,1,59,0,0,4,59,0,0,4,59,30.0
1267559:0030,30,1267559,DEBUG,1,99,2026-01-05T11:20:06.777000,2026-01-05T11:20:08.777000,backspace+2s,2026-01-05T11:14:06.714000,2026-01-05T11:37:37.980000,2,2,0,0,2,2,0,0,7,3,2,0,8,4,2,0,23,5,2,1,100,2.0
1331402:0031,31,1331402,IDLE,1,114,2026-01-08T00:11:39.939000,2026-01-08T00:12:09.939000,pause_start+30s,2026-01-08T00:09:46.884000,2026-01-08T00:37:55.947000,0,0,0,0,0,0,0,0,1,0,0,0,22,0,0,1,72,0,0,4,115,30.0
1132896:0032,32,1132896,DEBUG,1,762,2025-12-23T22:44:05.610000,2025-12-23T22:44:07.610000,backspace+2s,2025-12-23T22:25:13.247000,2025-12-23T22:50:02.614000,3,1,0,0,3,1,0,0,4,1,0,0,7,2,0,0,125,2,0,11,763,2.0
1044971:0033,33,1044971,IDLE,1,366,2025-12-14T14:31:13.370000,2025-12-14T14:31:43.370000,pause_start+30s,2025-12-14T14:26:15.296000,2025-12-14T14:39:40.106000,0,0,0,0,0,0,0,0,1,0,0,0,42,0,0,1,71,0,0,3,367,30.0
1366530:0034,34,1366530,DEBUG,1,365,2026-01-09T15:32:55.845000,2026-01-09T15:32:57.845000,backspace+2s,2026-01-09T15:15:14.864000,2026-01-09T15:35:43.282000,4,4,0,0,7,4,0,0,18,4,0,0,18,4,0,0,33,4,0,0,366,2.0
1423586:0035,35,1423586,IDLE,0,75,2026-03-23T13:15:21.596000,2026-03-23T13:15:51.596000,pause_start+30s,2026-03-23T13:14:58.491000,2026-03-23T13:36:27.463000,0,0,0,0,0,0,0,0,1,0,0,1,76,0,0,4,76,0,0,4,76,30.0
1310273:0036,36,1310273,DEBUG,1,428,2026-01-07T10:25:15.530000,2026-01-07T10:25:17.530000,backspace+2s,2026-01-07T10:15:01.773000,2026-01-07T10:35:31.636000,4,2,0,0,4,2,0,0,6,2,0,0,28,2,0,1,53,2,0,2,429,2.0
1250736:0037,37,1250736,IDLE,1,372,2026-01-04T08:48:37.114000,2026-01-04T08:49:07.114000,pause_start+30s,2026-01-04T08:44:13.792000,2026-01-04T08:50:25.333000,0,0,0,0,0,0,0,0,1,0,0,0,61,0,0,3,163,0,0,9,373,30.0
1331402:0038,38,1331402,IDLE,1,114,2026-01-08T00:11:39.939000,2026-01-08T00:12:09.939000,pause_start+30s,2026-01-08T00:09:46.884000,2026-01-08T00:37:55.947000,0,0,0,0,0,0,0,0,1,0,0,0,22,0,0,1,72,0,0,4,115,30.0
1167800:0039,39,1167800,DEBUG,1,269,2025-12-26T14:11:32.553000,2025-12-26T14:11:34.553000,backspace+2s,2025-12-26T14:06:09.966000,2025-12-26T14:17:01.633000,1,1,0,0,1,1,0,0,1,1,0,0,4,1,0,0,4,1,0,0,270,2.0
1072733:0040,40,1072733,IDLE,0,38,2025-12-17T15:06:48.236000,2025-12-17T15:07:18.236000,pause_start+30s,2025-12-17T15:06:24.625000,2025-12-17T15:31:03.588000,0,0,0,0,0,0,0,0,1,0,0,1,39,0,0,3,39,0,0,3,39,30.0
1132907:0041,41,1132907,DEBUG,0,762,2025-12-23T22:44:05.610000,2025-12-23T22:44:07.610000,backspace+2s,2025-12-23T22:25:13.247000,2025-12-23T22:50:11.208000,3,1,0,0,3,1,0,0,4,1,0,0,7,2,0,0,125,2,0,11,763,2.0
1259941:0042,42,1259941,IDLE,1,55,2026-01-04T19:05:46.520000,2026-01-04T19:06:16.520000,pause_start+30s,2026-01-04T19:05:11.793000,2026-01-04T19:25:22.464000,0,0,0,0,0,0,0,0,1,0,0,0,45,0,0,2,56,0,0,2,56,30.0
1435074:0043,43,1435074,DEBUG,0,677,2026-03-25T21:13:22.787000,2026-03-25T21:13:24.787000,backspace+2s,2026-03-25T20:56:14.776000,2026-03-25T21:15:26.851000,1,1,0,0,1,1,0,0,12,1,0,0,26,1,0,2,58,1,0,2,678,2.0
1268406:0044,44,1268406,IDLE,0,166,2026-01-05T13:02:51.611000,2026-01-05T13:03:21.611000,pause_start+30s,2026-01-05T13:01:15.288000,2026-01-05T13:27:43.593000,0,0,0,0,0,0,0,0,1,0,0,1,60,0,0,4,162,0,0,11,167,30.0
1375570:0045,45,1375570,IDLE,1,0,2026-01-09T19:54:19.980000,2026-01-09T19:54:49.980000,pause_start+30s,2026-01-09T19:54:19.980000,2026-01-09T20:02:23.767000,0,0,0,0,0,0,0,0,1,0,0,1,1,0,0,1,1,0,0,1,1,30.0
1024866:0046,46,1024866,IDLE,1,507,2025-12-11T14:09:42.552000,2025-12-11T14:10:12.552000,pause_start+30s,2025-12-11T14:02:59.251000,2025-12-11T14:13:49.875000,0,0,0,0,0,0,0,0,1,0,0,0,35,0,0,0,83,0,0,1,508,30.0
1132855:0047,47,1132855,DEBUG,1,762,2025-12-23T22:44:05.610000,2025-12-23T22:44:07.610000,backspace+2s,2025-12-23T22:25:13.247000,2025-12-23T22:47:20.714000,3,1,0,0,3,1,0,0,4,1,0,0,7,2,0,0,125,2,0,11,763,2.0
1350070:0048,48,1350070,DEBUG,1,6,2026-01-08T20:01:10.610000,2026-01-08T20:01:12.610000,backspace+2s,2026-01-08T19:53:04.927000,2026-01-08T20:22:47.609000,3,2,0,0,3,2,0,0,3,2,0,0,3,2,0,0,3,2,0,0,7,2.0
1165335:0049,49,1165335,IDLE,1,119,2025-12-26T09:18:52.299000,2025-12-26T09:19:22.299000,pause_start+30s,2025-12-26T09:16:21.858000,2025-12-26T09:30:15.159000,0,0,0,0,0,0,0,0,1,0,0,1,38,0,0,3,68,0,0,3,120,30.0
1213809:0050,50,1213809,IDLE,0,231,2025-12-30T15:58:53.873000,2025-12-30T15:59:23.873000,pause_start+30s,2025-12-30T15:57:16.350000,2025-12-30T16:17:15.630000,0,0,0,0,0,0,0,0,2,0,0,0,56,0,0,3,210,0,0,12,232,30.0
1329838:0051,51,1329838,IDLE,1,137,2026-01-07T22:46:22.275000,2026-01-07T22:46:52.275000,pause_start+30s,2026-01-07T22:44:11.476000,2026-01-07T22:56:51.773000,0,0,0,0,0,0,0,0,1,0,0,0,38,0,0,1,61,0,0,1,138,30.0
1248473:0052,52,1248473,DEBUG,1,1076,2026-01-04T00:21:05.637000,2026-01-04T00:21:07.637000,backspace+2s,2026-01-03T23:57:41.443000,2026-01-04T00:24:13.559000,10,10,0,0,10,10,0,0,10,10,0,0,10,10,0,0,15,10,0,0,1077,2.0
1385707:0053,53,1385707,IDLE,1,3,2026-01-09T23:14:53.879000,2026-01-09T23:15:23.879000,pause_start+30s,2026-01-09T23:14:52.917000,2026-01-09T23:25:39.879000,0,0,0,0,0,0,0,0,1,0,0,0,4,0,0,0,4,0,0,0,4,30.0
1438301:0054,54,1438301,IDLE,1,0,2026-03-27T12:31:17.581000,2026-03-27T12:31:47.581000,pause_start+30s,2026-03-27T12:31:17.581000,2026-03-27T12:51:21.869000,0,0,0,0,0,0,0,0,1,0,0,0,1,0,0,0,1,0,0,0,1,30.0
1360952:0055,55,1360952,DEBUG,1,66,2026-01-09T10:31:12.290000,2026-01-09T10:31:14.290000,backspace+2s,2026-01-09T10:22:57.663000,2026-01-09T10:47:42.316000,6,2,0,0,6,2,0,0,6,2,0,0,6,2,0,0,23,2,0,0,67,2.0
1369836:0056,56,1369836,IDLE,1,359,2026-01-09T17:10:28.391000,2026-01-09T17:10:58.391000,pause_start+30s,2026-01-09T17:06:02.426000,2026-01-09T17:26:55.268000,0,0,0,0,0,0,0,0,1,0,0,0,18,0,0,2,114,0,0,3,360,30.0
1209755:0057,57,1209755,IDLE,1,561,2025-12-30T11:03:53.421000,2025-12-30T11:04:23.421000,pause_start+30s,2025-12-30T10:56:39.570000,2025-12-30T11:10:11.765000,0,0,0,0,0,0,0,0,1,0,0,0,25,0,0,0,138,0,0,2,562,30.0
1117585:0058,58,1117585,IDLE,0,177,2025-12-22T17:13:32.952000,2025-12-22T17:14:02.952000,pause_start+30s,2025-12-22T17:11:50.673000,2025-12-22T17:38:49.377000,0,0,0,0,0,0,0,0,1,0,0,0,33,0,3,3,135,0,3,9,178,30.0
1162862:0059,59,1162862,IDLE,1,543,2025-12-26T08:35:47.635000,2025-12-26T08:36:17.635000,pause_start+30s,2025-12-26T08:29:57.420000,2025-12-26T08:48:27.988000,0,0,0,0,0,0,0,0,1,0,0,0,41,0,0,0,61,0,0,2,544,30.0
1296622:0060,60,1296622,DEBUG,0,295,2026-01-06T17:57:30.367000,2026-01-06T17:57:32.367000,backspace+2s,2026-01-06T17:51:45.114000,2026-01-06T18:08:48.363000,12,4,0,0,14,5,0,0,14,5,0,0,14,5,0,0,36,5,0,1,296,2.0
1375111:0061,61,1375111,IDLE,1,371,2026-01-09T19:39:23.610000,2026-01-09T19:39:53.610000,pause_start+30s,2026-01-09T19:35:41.432000,2026-01-09T19:42:16.705000,0,0,0,0,0,0,0,0,1,0,0,0,40,0,0,0,130,0,0,2,372,30.0
1379734:0062,62,1379734,IDLE,1,106,2026-01-09T21:14:18.924000,2026-01-09T21:14:48.924000,pause_start+30s,2026-01-09T21:13:16.803000,2026-01-09T21:21:05.291000,0,0,0,0,0,0,0,0,1,0,0,1,35,0,0,1,107,0,0,7,107,30.0
1167771:0063,63,1167771,DEBUG,1,269,2025-12-26T14:11:32.553000,2025-12-26T14:11:34.553000,backspace+2s,2025-12-26T14:06:09.966000,2025-12-26T14:14:19.776000,1,1,0,0,1,1,0,0,1,1,0,0,4,1,0,0,4,1,0,0,270,2.0
1344866:0064,64,1344866,IDLE,1,196,2026-01-08T16:53:09.283000,2026-01-08T16:53:39.283000,pause_start+30s,2026-01-08T16:51:09.527000,2026-01-08T17:14:29.521000,0,0,0,0,0,0,0,0,1,0,0,0,8,0,0,1,114,0,0,6,197,30.0
1046926:0065,65,1046926,IDLE,1,31,2025-12-14T19:20:17.115000,2025-12-14T19:20:47.115000,pause_start+30s,2025-12-14T19:20:15.730000,2025-12-14T19:39:08.210000,0,0,0,0,0,0,0,0,4,0,0,0,32,0,0,0,32,0,0,0,32,30.0
1100347:0066,66,1100347,DEBUG,1,189,2025-12-20T15:40:04.825000,2025-12-20T15:40:06.825000,backspace+2s,2025-12-20T15:34:03.597000,2025-12-20T15:48:52.170000,1,1,0,0,1,1,0,0,8,1,0,1,13,1,0,1,20,1,0,1,190,2.0
1152912:0067,67,1152912,IDLE,0,167,2025-12-25T14:57:11.731000,2025-12-25T14:57:41.731000,pause_start+30s,2025-12-25T14:54:34.514000,2025-12-25T15:22:45.991000,0,0,0,0,0,0,0,0,1,0,0,0,18,0,0,1,50,0,0,2,168,30.0
1259459:0068,68,1259459,DEBUG,0,51,2026-01-04T19:01:28.842000,2026-01-04T19:01:30.842000,backspace+2s,2026-01-04T19:00:46.922000,2026-01-04T19:11:28.931000,4,2,0,0,7,3,0,0,7,3,0,0,52,3,0,3,52,3,0,3,52,2.0
1283120:0069,69,1283120,IDLE,1,191,2026-01-05T22:32:25.238000,2026-01-05T22:32:55.238000,pause_start+30s,2026-01-05T22:29:57.473000,2026-01-05T22:45:34.858000,0,0,0,0,0,0,0,0,1,0,0,1,17,0,0,1,124,0,0,4,192,30.0
1426080:0070,70,1426080,IDLE,1,226,2026-03-23T18:08:02.897000,2026-03-23T18:08:32.897000,pause_start+30s,2026-03-23T18:05:42.766000,2026-03-23T18:21:06.232000,0,0,0,0,0,0,0,0,1,0,0,1,70,0,0,4,149,0,0,8,227,30.0
1440343:0071,71,1440343,IDLE,1,1,2026-03-28T09:35:57.446000,2026-03-28T09:36:27.446000,pause_start+30s,2026-03-28T09:35:49.918000,2026-03-28T09:53:55.490000,0,0,0,0,0,0,0,0,1,0,0,0,2,0,0,0,2,0,0,0,2,30.0
1261251:0072,72,1261251,IDLE,1,44,2026-01-04T19:43:05.789000,2026-01-04T19:43:35.789000,pause_start+30s,2026-01-04T19:42:40.601000,2026-01-04T20:02:27.190000,0,0,0,0,0,0,0,0,1,0,0,1,45,0,0,3,45,0,0,3,45,30.0
1421900:0073,73,1421900,IDLE,1,9,2026-03-17T19:07:57.950000,2026-03-17T19:08:27.950000,pause_start+30s,2026-03-17T19:07:40.677000,2026-03-17T19:31:34.116000,0,0,0,0,0,0,0,0,1,0,0,0,10,0,0,0,10,0,0,0,10,30.0
1380309:0074,74,1380309,DEBUG,0,0,2026-01-09T21:08:28.333000,2026-01-09T21:08:30.333000,backspace+2s,2026-01-09T21:08:28.333000,2026-01-09T21:29:50.156000,1,1,0,0,1,1,0,0,1,1,0,0,1,1,0,0,1,1,0,0,1,2.0
1298725:0075,75,1298725,IDLE,1,375,2026-01-06T19:55:33.834000,2026-01-06T19:56:03.834000,pause_start+30s,2026-01-06T19:50:29.763000,2026-01-06T19:56:14.643000,0,0,0,0,0,0,0,0,1,0,0,0,32,0,0,3,91,0,0,6,376,30.0
1153749:0076,76,1153749,IDLE,1,80,2025-12-25T13:55:33.620000,2025-12-25T13:56:03.620000,pause_start+30s,2025-12-25T13:54:35.861000,2025-12-25T14:22:17.219000,0,0,0,0,0,0,0,0,1,0,0,0,41,0,0,4,81,0,0,7,81,30.0
1009217:0077,77,1009217,DEBUG,0,421,2025-12-08T21:06:47.472000,2025-12-08T21:06:49.472000,backspace+2s,2025-12-08T20:50:50.107000,2025-12-08T21:08:36.733000,27,27,0,0,27,27,0,0,27,27,0,0,27,27,0,0,27,27,0,0,422,2.0
1437949:0078,78,1437949,IDLE,0,80,2026-03-27T06:42:10.198000,2026-03-27T06:42:40.198000,pause_start+30s,2026-03-27T06:41:35.324000,2026-03-27T07:06:20.970000,0,0,0,0,0,0,0,0,1,0,0,0,70,0,0,5,81,0,0,5,81,30.0
1133820:0079,79,1133820,IDLE,1,56,2025-12-24T00:42:18.611000,2025-12-24T00:42:48.611000,pause_start+30s,2025-12-24T00:41:06.782000,2025-12-24T00:46:09.304000,0,0,0,0,0,0,0,0,1,0,0,0,15,0,0,0,57,0,0,4,57,30.0
1162233:0080,80,1162233,DEBUG,1,411,2025-12-26T08:36:01.893000,2025-12-26T08:36:03.893000,backspace+2s,2025-12-26T08:19:27.933000,2025-12-26T08:36:36.630000,2,2,0,0,2,2,0,0,5,2,0,0,6,2,0,0,23,2,0,0,412,2.0
1162277:0081,81,1162277,DEBUG,1,411,2025-12-26T08:36:01.893000,2025-12-26T08:36:03.893000,backspace+2s,2025-12-26T08:19:27.933000,2025-12-26T08:37:14.120000,2,2,0,0,2,2,0,0,5,2,0,0,6,2,0,0,23,2,0,0,412,2.0
1132896:0082,82,1132896,DEBUG,1,762,2025-12-23T22:44:05.610000,2025-12-23T22:44:07.610000,backspace+2s,2025-12-23T22:25:13.247000,2025-12-23T22:50:02.614000,3,1,0,0,3,1,0,0,4,1,0,0,7,2,0,0,125,2,0,11,763,2.0
1150469:0083,83,1150469,IDLE,0,48,2025-12-25T14:29:14.525000,2025-12-25T14:29:44.525000,pause_start+30s,2025-12-25T14:28:59.669000,2025-12-25T14:43:24.210000,0,0,0,0,0,0,0,0,1,0,0,1,49,0,0,3,49,0,0,3,49,30.0
1454401:0084,84,1454401,DEBUG,1,117,2026-04-07T20:01:07.923000,2026-04-07T20:01:09.923000,backspace+2s,2026-04-07T19:53:53.826000,2026-04-07T20:03:07.676000,2,2,0,0,2,2,0,0,2,2,0,0,3,2,0,0,15,2,0,0,118,2.0
1139243:0085,85,1139243,IDLE,1,345,2025-12-24T14:18:29.470000,2025-12-24T14:18:59.470000,pause_start+30s,2025-12-24T14:10:04.978000,2025-12-24T14:25:57.235000,0,0,0,0,0,0,0,0,1,0,0,0,30,0,0,2,64,0,0,3,346,30.0
1351364:0086,86,1351364,IDLE,1,90,2026-01-08T20:40:54.235000,2026-01-08T20:41:24.235000,pause_start+30s,2026-01-08T20:40:09.198000,2026-01-08T21:00:22.176000,0,0,0,0,0,0,0,0,1,0,0,1,61,0,0,5,91,3,0,5,91,30.0
1296350:0087,87,1296350,IDLE,0,21,2026-01-06T17:36:32.251000,2026-01-06T17:37:02.251000,pause_start+30s,2026-01-06T17:36:08.479000,2026-01-06T17:54:39.676000,0,0,0,0,0,0,0,0,1,0,0,0,22,0,0,1,22,0,0,1,22,30.0
1414032:0088,88,1414032,DEBUG,1,0,2026-02-12T10:38:34.908000,2026-02-12T10:38:36.908000,backspace+2s,2026-02-12T10:38:34.908000,2026-02-12T11:05:59.633000,1,1,0,0,1,1,0,0,1,1,0,0,1,1,0,0,1,1,0,0,1,2.0
1366530:0089,89,1366530,DEBUG,1,365,2026-01-09T15:32:55.845000,2026-01-09T15:32:57.845000,backspace+2s,2026-01-09T15:15:14.864000,2026-01-09T15:35:43.282000,4,4,0,0,7,4,0,0,18,4,0,0,18,4,0,0,33,4,0,0,366,2.0
1335152:0090,90,1335152,IDLE,0,1,2026-01-08T11:33:36.702000,2026-01-08T11:34:06.702000,pause_start+30s,2026-01-08T11:33:36.484000,2026-01-08T11:58:50.240000,0,0,0,0,0,0,0,0,1,0,0,0,2,0,0,0,2,0,0,0,2,30.0
1223445:0091,91,1223445,IDLE,1,57,2025-12-31T09:53:27.617000,2025-12-31T09:53:57.617000,pause_start+30s,2025-12-31T09:52:05.662000,2025-12-31T10:08:45.522000,0,0,0,0,0,0,0,0,1,0,0,0,27,0,0,2,58,0,0,2,58,30.0
1101965:0092,92,1101965,IDLE,1,93,2025-12-20T17:27:36.709000,2025-12-20T17:28:06.709000,pause_start+30s,2025-12-20T17:25:53.358000,2025-12-20T17:45:56.377000,0,0,0,0,0,0,0,0,1,0,0,0,37,0,0,2,74,0,0,4,94,30.0
1096919:0093,93,1096919,IDLE,1,59,2025-12-20T09:24:16.903000,2025-12-20T09:24:46.903000,pause_start+30s,2025-12-20T09:23:18.974000,2025-12-20T09:39:20.423000,0,0,0,0,0,0,0,0,1,0,0,1,40,0,0,4,60,0,0,4,60,30.0
1106979:0094,94,1106979,IDLE,1,419,2025-12-21T12:52:57.307000,2025-12-21T12:53:27.307000,pause_start+30s,2025-12-21T12:48:25.544000,2025-12-21T13:13:03.720000,0,0,0,0,0,0,0,0,1,0,0,1,48,0,0,2,101,0,0,5,420,30.0
1382435:0095,95,1382435,DEBUG,1,509,2026-01-09T21:59:54.938000,2026-01-09T21:59:56.938000,backspace+2s,2026-01-09T21:46:01.812000,2026-01-09T22:05:19.257000,7,7,0,0,11,9,0,0,13,10,0,0,31,10,0,2,31,10,0,2,510,2.0
1167097:0096,96,1167097,DEBUG,1,75,2025-12-26T12:11:54.160000,2025-12-26T12:11:56.160000,backspace+2s,2025-12-26T12:09:05.471000,2025-12-26T12:12:32.804000,10,10,0,0,10,10,0,0,30,10,0,0,41,10,0,0,73,10,0,1,76,2.0
1431172:0097,97,1431172,IDLE,1,85,2026-03-24T19:17:39.758000,2026-03-24T19:18:09.758000,pause_start+30s,2026-03-24T19:17:06.200000,2026-03-24T19:28:17.115000,0,0,0,0,0,0,0,0,1,0,0,0,68,0,0,9,86,0,0,9,86,30.0
1090098:0098,98,1090098,IDLE,1,249,2025-12-19T10:38:08.462000,2025-12-19T10:38:38.462000,pause_start+30s,2025-12-19T10:35:06.483000,2025-12-19T10:59:57.176000,0,0,0,0,0,0,0,0,2,0,0,1,28,0,0,1,141,0,0,7,250,30.0
1165679:0099,99,1165679,IDLE,0,1,2025-12-26T09:27:24.258000,2025-12-26T09:27:54.258000,pause_start+30s,2025-12-26T09:27:19.518000,2025-12-26T09:37:18.953000,0,0,0,0,0,0,0,0,1,0,0,0,2,0,0,0,2,0,0,0,2,30.0
1054701:0100,100,1054701,IDLE,1,1,2025-12-15T19:08:02.857000,2025-12-15T19:08:32.857000,pause_start+30s,2025-12-15T19:08:02.719000,2025-12-15T19:17:47.800000,0,0,0,0,0,0,0,0,1,0,0,0,2,0,0,0,2,0,0,0,2,30.0
1209646:0101,101,1209646,IDLE,1,12,2025-12-30T10:48:14.336000,2025-12-30T10:48:44.336000,pause_start+30s,2025-12-30T10:47:53.772000,2025-12-30T11:05:29.583000,0,0,0,0,0,0,0,0,1,0,0,0,13,0,0,0,13,0,0,0,13,30.0
1435350:0102,102,1435350,IDLE,1,138,2026-03-25T22:01:34.747000,2026-03-25T22:02:04.747000,pause_start+30s,2026-03-25T22:00:32.190000,2026-03-25T22:25:51.841000,0,0,0,0,0,0,0,0,1,0,0,0,47,0,0,2,139,0,0,7,139,30.0
1102627:0103,103,1102627,IDLE,1,49,2025-12-20T19:19:22.238000,2025-12-20T19:19:52.238000,pause_start+30s,2025-12-20T19:18:50.428000,2025-12-20T19:24:30.999000,0,0,0,0,0,0,0,0,1,0,0,0,49,0,0,3,50,0,0,3,50,30.0
1269074:0104,104,1269074,IDLE,0,45,2026-01-05T14:26:36.467000,2026-01-05T14:27:06.467000,pause_start+30s,2026-01-05T14:26:21.100000,2026-01-05T14:47:45.247000,0,0,0,0,0,0,0,0,2,0,0,0,46,0,0,5,46,0,0,5,46,30.0
1365622:0105,105,1365622,IDLE,1,1,2026-01-09T14:45:27.457000,2026-01-09T14:45:57.457000,pause_start+30s,2026-01-09T14:45:26.874000,2026-01-09T15:02:28.627000,0,0,0,0,0,0,0,0,1,0,0,0,2,0,0,0,2,0,0,0,2,30.0
1338946:0106,106,1338946,DEBUG,1,207,2026-01-08T14:27:35.465000,2026-01-08T14:27:37.465000,backspace+2s,2026-01-08T14:20:33.978000,2026-01-08T14:47:14.604000,1,1,0,0,1,1,0,0,33,1,0,2,40,1,0,2,55,1,0,3,208,2.0
1149407:0107,107,1149407,IDLE,0,219,2025-12-25T14:06:53.833000,2025-12-25T14:07:23.833000,pause_start+30s,2025-12-25T14:04:47.591000,2025-12-25T14:28:07.205000,0,0,0,0,0,0,0,0,1,0,0,0,49,0,0,3,149,0,0,8,220,30.0
1065826:0108,108,1065826,IDLE,1,72,2025-12-16T16:34:34.897000,2025-12-16T16:35:04.897000,pause_start+30s,2025-12-16T16:33:44.989000,2025-12-16T16:58:15.711000,0,0,0,0,0,0,0,0,1,0,0,1,40,0,0,2,73,0,0,5,73,30.0
1214121:0109,109,1214121,DEBUG,1,732,2025-12-30T16:29:44.427000,2025-12-30T16:29:46.427000,backspace+2s,2025-12-30T16:12:59.245000,2025-12-30T16:32:37.401000,9,8,0,0,11,8,0,0,11,8,0,0,11,8,0,0,13,8,0,0,735,0.297
1016399:0110,110,1016399,IDLE,1,99,2025-12-10T08:19:52.190000,2025-12-10T08:20:22.190000,pause_start+30s,2025-12-10T08:17:55.417000,2025-12-10T08:31:08.227000,0,0,0,0,0,0,0,0,1,0,0,0,15,0,0,1,62,0,0,7,100,30.0
1032384:0111,111,1032384,IDLE,1,149,2025-12-11T19:03:55.282000,2025-12-11T19:04:25.282000,pause_start+30s,2025-12-11T19:02:40.469000,2025-12-11T19:30:49.592000,0,0,0,0,0,0,0,0,1,0,0,0,74,0,0,1,150,0,0,7,150,30.0
1429470:0112,112,1429470,IDLE,1,56,2026-03-24T14:02:44.238000,2026-03-24T14:03:14.238000,pause_start+30s,2026-03-24T14:02:31.558000,2026-03-24T14:12:42.181000,0,0,0,0,0,0,0,0,2,0,0,1,57,0,0,4,57,0,0,4,57,30.0
1134953:0113,113,1134953,IDLE,1,50,2025-12-24T08:11:41.125000,2025-12-24T08:12:11.125000,pause_start+30s,2025-12-24T08:11:25.950000,2025-12-24T08:38:06.564000,0,0,0,0,0,0,0,0,1,0,0,1,51,0,0,4,51,0,0,4,51,30.0
1132867:0114,114,1132867,DEBUG,1,762,2025-12-23T22:44:05.610000,2025-12-23T22:44:07.610000,backspace+2s,2025-12-23T22:25:13.247000,2025-12-23T22:48:34.496000,3,1,0,0,3,1,0,0,4,1,0,0,7,2,0,0,125,2,0,11,763,2.0
1121878:0115,115,1121878,IDLE,1,272,2025-12-22T21:45:18.606000,2025-12-22T21:45:48.606000,pause_start+30s,2025-12-22T21:41:09.461000,2025-12-22T21:51:24.753000,0,0,0,0,0,0,0,0,1,0,0,1,44,0,0,3,115,0,0,9,273,30.0
1167793:0116,116,1167793,IDLE,1,251,2025-12-26T14:01:32.417000,2025-12-26T14:02:02.417000,pause_start+30s,2025-12-26T13:57:29.504000,2025-12-26T14:16:34.592000,0,0,0,0,0,0,0,0,1,0,0,0,2,0,0,0,71,0,0,1,252,30.0
1090065:0117,117,1090065,IDLE,1,249,2025-12-19T10:38:08.462000,2025-12-19T10:38:38.462000,pause_start+30s,2025-12-19T10:35:06.483000,2025-12-19T10:59:57.176000,0,0,0,0,0,0,0,0,2,0,0,1,28,0,0,1,141,0,0,7,250,30.0
1336637:0118,118,1336637,IDLE,1,74,2026-01-08T13:55:46.430000,2026-01-08T13:56:16.430000,pause_start+30s,2026-01-08T13:54:12.451000,2026-01-08T14:18:51.910000,0,0,0,0,0,0,0,0,1,0,0,0,25,0,0,0,67,3,0,3,75,30.0
1132867:0119,119,1132867,DEBUG,1,762,2025-12-23T22:44:05.610000,2025-12-23T22:44:07.610000,backspace+2s,2025-12-23T22:25:13.247000,2025-12-23T22:48:34.496000,3,1,0,0,3,1,0,0,4,1,0,0,7,2,0,0,125,2,0,11,763,2.0
1096994:0120,120,1096994,IDLE,1,111,2025-12-20T09:50:36.263000,2025-12-20T09:51:06.263000,pause_start+30s,2025-12-20T09:49:25.669000,2025-12-20T09:59:09.897000,0,0,0,0,0,0,0,0,1,0,0,1,36,0,0,2,112,0,0,13,112,30.0
1019726:0121,121,1019726,DEBUG,1,50,2025-12-10T11:07:45.358000,2025-12-10T11:07:47.358000,backspace+2s,2025-12-10T11:04:20.418000,2025-12-10T11:13:11.594000,1,1,0,0,2,1,0,1,4,1,0,3,4,1,0,3,14,5,0,3,51,2.0
1023146:0122,122,1023146,DEBUG,1,330,2025-12-11T11:14:23.270000,2025-12-11T11:14:25.270000,backspace+2s,2025-12-11T11:10:04.984000,2025-12-11T11:18:39.853000,2,2,0,0,2,2,0,0,2,2,0,0,10,2,0,1,88,2,0,1,331,2.0
1208311:0123,123,1208311,IDLE,0,139,2025-12-30T09:52:34.639000,2025-12-30T09:53:04.639000,pause_start+30s,2025-12-30T09:51:01.652000,2025-12-30T10:05:22.576000,0,0,0,0,0,0,0,0,1,0,0,0,30,0,0,2,136,0,0,5,140,30.0
1360912:0124,124,1360912,DEBUG,1,66,2026-01-09T10:31:12.290000,2026-01-09T10:31:14.290000,backspace+2s,2026-01-09T10:22:57.663000,2026-01-09T10:46:28.370000,6,2,0,0,6,2,0,0,6,2,0,0,6,2,0,0,23,2,0,0,67,2.0
1111461:0125,125,1111461,IDLE,1,11,2025-12-21T19:25:24.767000,2025-12-21T19:25:54.767000,pause_start+30s,2025-12-21T19:24:56.734000,2025-12-21T19:50:15.947000,0,0,0,0,0,0,0,0,1,0,0,1,12,0,0,1,12,0,0,1,12,30.0
1379358:0126,126,1379358,DEBUG,1,699,2026-01-09T21:11:01.785000,2026-01-09T21:11:03.785000,backspace+2s,2026-01-09T21:01:23.806000,2026-01-09T21:14:10.264000,6,6,0,0,6,6,0,0,12,6,0,0,46,6,0,2,80,6,0,5,700,2.0
1248377:0127,127,1248377,IDLE,1,57,2026-01-03T23:39:47.647000,2026-01-03T23:40:17.647000,pause_start+30s,2026-01-03T23:39:35.143000,2026-01-03T23:52:54.176000,0,0,0,0,0,0,0,0,1,0,0,0,58,0,0,14,58,0,0,14,58,30.0
1360456:0128,128,1360456,DEBUG,1,102,2026-01-09T10:15:20.261000,2026-01-09T10:15:22.261000,backspace+2s,2026-01-09T09:54:54.531000,2026-01-09T10:20:41.305000,6,6,0,0,16,16,0,0,30,16,0,0,34,16,0,1,34,16,0,1,103,2.0
1437367:0129,129,1437367,IDLE,1,886,2026-03-26T20:25:18.207000,2026-03-26T20:25:48.207000,pause_start+30s,2026-03-26T20:14:47.954000,2026-03-26T20:38:26.576000,0,0,0,0,0,0,0,0,2,0,0,0,18,0,0,1,67,0,0,2,887,30.0
1036863:0130,130,1036863,DEBUG,1,82,2025-12-12T11:19:14.104000,2025-12-12T11:19:16.104000,backspace+2s,2025-12-12T11:11:48.928000,2025-12-12T11:36:59.179000,1,1,0,0,2,1,0,0,5,1,0,0,14,1,0,0,30,1,0,0,83,2.0
1251278:0131,131,1251278,IDLE,1,168,2026-01-04T08:45:41.621000,2026-01-04T08:46:11.621000,pause_start+30s,2026-01-04T08:42:32.657000,2026-01-04T09:03:26.905000,0,0,0,0,0,0,0,0,1,0,0,0,32,0,0,2,72,0,0,4,169,30.0
1435338:0132,132,1435338,IDLE,1,138,2026-03-25T22:01:34.747000,2026-03-25T22:02:04.747000,pause_start+30s,2026-03-25T22:00:32.190000,2026-03-25T22:23:24.627000,0,0,0,0,0,0,0,0,1,0,0,0,47,0,0,2,139,0,0,7,139,30.0
996215:0133,133,996215,IDLE,0,17,2025-12-07T08:58:00.860000,2025-12-07T08:58:30.860000,pause_start+30s,2025-12-07T08:57:43.691000,2025-12-07T09:24:30.710000,0,0,0,0,0,0,0,0,1,0,0,0,18,0,0,1,18,0,0,1,18,30.0
1213646:0134,134,1213646,IDLE,0,52,2025-12-30T15:42:53.934000,2025-12-30T15:43:23.934000,pause_start+30s,2025-12-30T15:42:22.304000,2025-12-30T16:07:12.980000,0,0,0,0,0,0,0,0,1,0,0,1,48,0,0,2,53,0,0,2,53,30.0
1355810:0135,135,1355810,IDLE,1,338,2026-01-08T22:57:23.751000,2026-01-08T22:57:53.751000,pause_start+30s,2026-01-08T22:53:28.130000,2026-01-08T23:21:11.892000,0,0,0,0,0,0,0,0,1,0,0,0,27,0,0,2,84,0,0,5,339,30.0
1368904:0136,136,1368904,DEBUG,1,384,2026-01-09T16:53:48.460000,2026-01-09T16:53:50.460000,backspace+2s,2026-01-09T16:34:30.680000,2026-01-09T16:58:24.926000,5,1,0,0,5,1,0,0,7,1,0,0,22,1,0,1,39,1,0,1,385,2.0
1138564:0137,137,1138564,IDLE,0,33,2025-12-24T12:32:57.672000,2025-12-24T12:33:27.672000,pause_start+30s,2025-12-24T12:32:56.125000,2025-12-24T12:52:16.160000,0,0,0,0,0,0,0,0,2,0,0,0,34,0,0,0,34,0,0,0,34,30.0
1296491:0138,138,1296491,DEBUG,1,295,2026-01-06T17:57:30.367000,2026-01-06T17:57:32.367000,backspace+2s,2026-01-06T17:51:45.114000,2026-01-06T18:03:26.472000,12,4,0,0,14,5,0,0,14,5,0,0,14,5,0,0,36,5,0,1,296,2.0
1158328:0139,139,1158328,IDLE,1,3,2025-12-25T20:17:33.198000,2025-12-25T20:18:03.198000,pause_start+30s,2025-12-25T20:17:16.217000,2025-12-25T20:30:35.748000,0,0,0,0,0,0,0,0,2,0,0,0,4,0,0,0,4,0,0,0,4,30.0
1431974:0140,140,1431974,IDLE,0,104,2026-03-24T21:29:19.746000,2026-03-24T21:29:49.746000,pause_start+30s,2026-03-24T21:27:58.590000,2026-03-24T21:47:27.528000,0,0,0,0,0,0,0,0,2,0,0,0,11,0,0,1,105,0,0,7,105,30.0
1334049:0141,141,1334049,DEBUG,1,410,2026-01-08T11:18:03.382000,2026-01-08T11:18:05.382000,backspace+2s,2026-01-08T11:09:31.100000,2026-01-08T11:31:01.811000,1,1,0,0,1,1,0,0,12,1,0,1,18,1,0,2,19,1,0,2,411,2.0
1009211:0142,142,1009211,DEBUG,1,421,2025-12-08T21:06:47.472000,2025-12-08T21:06:49.472000,backspace+2s,2025-12-08T20:50:50.107000,2025-12-08T21:08:36.733000,27,27,0,0,27,27,0,0,27,27,0,0,27,27,0,0,27,27,0,0,422,2.0
1379358:0143,143,1379358,DEBUG,1,699,2026-01-09T21:11:01.785000,2026-01-09T21:11:03.785000,backspace+2s,2026-01-09T21:01:23.806000,2026-01-09T21:14:10.264000,6,6,0,0,6,6,0,0,12,6,0,0,46,6,0,2,80,6,0,5,700,2.0
1412213:0144,144,1412213,IDLE,0,71,2026-02-04T09:22:48.230000,2026-02-04T09:23:18.230000,pause_start+30s,2026-02-04T09:22:07.723000,2026-02-04T09:31:41.899000,0,0,0,0,0,0,0,0,1,0,0,1,38,0,0,2,72,0,0,7,72,30.0
1402656:0145,145,1402656,IDLE,1,519,2026-01-11T15:12:32.119000,2026-01-11T15:13:02.119000,pause_start+30s,2026-01-11T15:10:02.971000,2026-01-11T15:24:38.567000,0,0,0,0,0,0,0,0,1,0,0,1,277,0,0,3,425,0,0,4,520,30.0
1167850:0146,146,1167850,DEBUG,1,269,2025-12-26T14:11:32.553000,2025-12-26T14:11:34.553000,backspace+2s,2025-12-26T14:06:09.966000,2025-12-26T14:20:23.108000,1,1,0,0,1,1,0,0,1,1,0,0,4,1,0,0,4,1,0,0,270,2.0
1129221:0147,147,1129221,IDLE,1,77,2025-12-23T18:57:49.776000,2025-12-23T18:58:19.776000,pause_start+30s,2025-12-23T18:57:05.493000,2025-12-23T19:25:43.896000,0,0,0,0,0,0,0,0,1,0,0,0,49,0,0,2,78,0,0,4,78,30.0
1368147:0148,148,1368147,IDLE,0,142,2026-01-09T16:18:12.358000,2026-01-09T16:18:42.358000,pause_start+30s,2026-01-09T16:15:47.849000,2026-01-09T16:39:00.845000,0,0,0,0,0,0,0,0,2,0,0,0,20,0,0,1,67,0,0,5,143,30.0
1225069:0149,149,1225069,DEBUG,1,541,2025-12-31T15:22:28.902000,2025-12-31T15:22:30.902000,backspace+2s,2025-12-31T15:10:03.669000,2025-12-31T15:27:02.518000,4,4,0,0,4,4,0,0,11,5,0,1,31,5,0,1,42,5,0,1,542,2.0
1219570:0150,150,1219570,IDLE,1,40,2025-12-30T21:13:15.798000,2025-12-30T21:13:45.798000,pause_start+30s,2025-12-30T21:12:32.576000,2025-12-30T21:26:21.291000,0,0,0,0,0,0,0,0,1,0,0,1,30,0,0,4,41,0,0,4,41,30.0
1077394:0151,151,1077394,IDLE,1,12,2025-12-18T10:00:51.958000,2025-12-18T10:01:21.958000,pause_start+30s,2025-12-18T10:00:51.167000,2025-12-18T10:13:12.203000,0,0,0,0,0,0,0,0,1,0,0,0,13,0,0,0,13,0,0,0,13,30.0
1114878:0152,152,1114878,DEBUG,0,404,2025-12-22T13:34:29.122000,2025-12-22T13:34:31.122000,backspace+2s,2025-12-22T13:19:45.192000,2025-12-22T13:37:37.830000,4,4,0,0,14,4,0,1,37,4,0,1,82,4,0,3,142,4,0,6,405,2.0
1366530:0153,153,1366530,NORMAL,0,210,,2026-01-09T15:22:38.464000,session_midpoint,2026-01-09T15:15:14.864000,2026-01-09T15:35:43.282000,8,0,0,1,12,0,0,2,14,0,0,3,27,0,0,3,79,0,0,9,210,1.035
1150469:0154,154,1150469,NORMAL,0,341,,2025-12-25T14:35:26.894000,session_midpoint,2025-12-25T14:28:59.669000,2025-12-25T14:43:24.210000,11,0,0,1,22,0,0,1,58,0,0,3,98,0,0,4,162,0,0,9,341,0.211
1439761:0155,155,1439761,NORMAL,0,519,,2026-03-27T21:40:50.164000,session_midpoint,2026-03-27T21:30:04.519000,2026-03-27T21:57:34.109000,4,0,0,0,12,0,0,0,22,0,0,0,22,0,0,0,102,0,0,5,519,0.416
1090065:0156,156,1090065,NORMAL,0,402,,2025-12-19T10:43:15.909000,session_midpoint,2025-12-19T10:35:06.483000,2025-12-19T10:59:57.176000,13,0,0,0,13,0,0,0,35,0,0,1,77,0,0,4,77,0,0,4,402,0.043
1165335:0157,157,1165335,NORMAL,0,160,,2025-12-26T09:22:45.660000,session_midpoint,2025-12-26T09:16:21.858000,2025-12-26T09:30:15.159000,6,0,0,1,10,0,0,1,34,0,0,2,42,0,0,2,42,0,0,2,162,0.18
1379358:0158,158,1379358,NORMAL,0,448,,2026-01-09T21:07:01.178000,session_midpoint,2026-01-09T21:01:23.806000,2026-01-09T21:14:10.264000,4,0,0,0,6,0,0,0,43,0,0,2,88,0,0,4,177,0,0,9,448,0.245
1355810:0159,159,1355810,NORMAL,0,459,,2026-01-08T23:01:40.211000,session_midpoint,2026-01-08T22:53:28.130000,2026-01-08T23:21:11.892000,8,0,0,1,10,0,0,1,30,0,0,2,76,0,0,4,100,0,4,6,459,0.779
1106979:0160,160,1106979,NORMAL,0,467,,2025-12-21T12:53:51.694000,session_midpoint,2025-12-21T12:48:25.544000,2025-12-21T13:13:03.720000,9,0,0,1,18,0,0,1,47,0,0,2,52,0,0,3,137,0,0,6,467,2.503
1218084:0161,161,1218084,NORMAL,0,276,,2025-12-30T20:13:25.355000,session_midpoint,2025-12-30T20:10:40.337000,2025-12-30T20:22:30.275000,10,0,0,0,15,0,0,0,43,0,0,0,57,0,0,2,181,0,0,4,275,0.72
1162277:0162,162,1162277,NORMAL,0,213,,2025-12-26T08:23:20.485000,session_midpoint,2025-12-26T08:19:27.933000,2025-12-26T08:37:14.120000,0,0,0,0,0,0,0,0,0,0,0,0,17,0,0,1,73,0,0,4,213,30.165
1382435:0163,163,1382435,NORMAL,0,285,,2026-01-09T21:50:49.966000,session_midpoint,2026-01-09T21:46:01.812000,2026-01-09T22:05:19.257000,1,0,0,1,1,0,0,1,26,0,0,2,65,0,0,3,92,0,0,5,285,1.786
1340459:0164,164,1340459,NORMAL,1,49,,2026-01-08T15:16:52.725000,session_midpoint,2026-01-08T15:15:39.469000,2026-01-08T15:20:19.100000,7,7,0,0,7,7,0,0,12,7,3,0,18,8,7,0,49,24,7,0,49,0.887
1139243:0165,165,1139243,NORMAL,0,281,,2025-12-24T14:16:57.930000,session_midpoint,2025-12-24T14:10:04.978000,2025-12-24T14:25:57.235000,3,0,0,0,6,0,0,0,11,0,0,0,30,0,0,2,46,0,0,2,281,1.25
1283120:0166,166,1283120,NORMAL,0,288,,2026-01-05T22:37:47.857000,session_midpoint,2026-01-05T22:29:57.473000,2026-01-05T22:45:34.858000,2,0,0,2,18,0,0,2,32,0,0,2,32,0,0,2,32,0,0,2,288,1.348
1090098:0167,167,1090098,NORMAL,0,402,,2025-12-19T10:43:15.909000,session_midpoint,2025-12-19T10:35:06.483000,2025-12-19T10:59:57.176000,13,0,0,0,13,0,0,0,35,0,0,1,77,0,0,4,77,0,0,4,402,0.043
1100347:0168,168,1100347,NORMAL,1,106,,2025-12-20T15:37:18.378000,session_midpoint,2025-12-20T15:34:03.597000,2025-12-20T15:48:52.170000,4,0,0,0,7,0,0,0,35,0,0,1,78,0,0,2,97,0,0,3,106,0.046
1009211:0169,169,1009211,NORMAL,0,276,,2025-12-08T20:54:25.186000,session_midpoint,2025-12-08T20:50:50.107000,2025-12-08T21:08:36.733000,7,0,0,0,22,0,0,1,41,0,0,2,96,0,0,5,205,0,0,8,276,0.224
1036863:0170,170,1036863,NORMAL,0,143,,2025-12-12T11:23:20.347000,session_midpoint,2025-12-12T11:11:48.928000,2025-12-12T11:36:59.179000,2,0,0,0,3,0,0,1,8,0,0,1,24,0,0,2,39,0,0,5,143,4.364
1310273:0171,171,1310273,NORMAL,0,282,,2026-01-07T10:19:50.470000,session_midpoint,2026-01-07T10:15:01.773000,2026-01-07T10:35:31.636000,6,0,0,0,9,0,0,0,20,0,0,0,57,0,0,0,95,0,0,0,282,2.933
1009217:0172,172,1009217,NORMAL,0,276,,2025-12-08T20:54:25.186000,session_midpoint,2025-12-08T20:50:50.107000,2025-12-08T21:08:36.733000,7,0,0,0,22,0,0,1,41,0,0,2,96,0,0,5,205,0,0,8,276,0.224
1338946:0173,173,1338946,NORMAL,0,319,,2026-01-08T14:30:32.719000,session_midpoint,2026-01-08T14:20:33.978000,2026-01-08T14:47:14.604000,15,0,0,0,23,0,0,0,36,0,0,1,63,0,0,1,104,0,0,1,319,0.136
1110599:0174,174,1110599,NORMAL,0,271,,2025-12-21T16:59:15.769000,session_midpoint,2025-12-21T16:54:12.928000,2025-12-21T17:17:12.290000,4,0,0,0,5,0,0,0,19,0,0,1,34,0,0,1,82,0,0,4,271,1.794
1360456:0175,175,1360456,NORMAL,0,98,,2026-01-09T10:15:19.467000,session_midpoint,2026-01-09T09:54:54.531000,2026-01-09T10:20:41.305000,8,8,0,0,11,11,0,0,29,11,0,1,29,11,0,1,29,11,0,1,98,1.866
1421900:0176,176,1421900,NORMAL,0,282,,2026-03-17T19:18:54.844000,session_midpoint,2026-03-17T19:07:40.677000,2026-03-17T19:31:34.116000,7,0,0,0,10,0,0,0,30,0,0,1,41,0,0,2,55,0,0,3,282,0.095
1016399:0177,177,1016399,NORMAL,0,181,,2025-12-10T08:22:13.900000,session_midpoint,2025-12-10T08:17:55.417000,2025-12-10T08:31:08.227000,3,0,0,0,6,0,0,0,18,0,0,1,58,0,0,6,81,0,0,11,181,1.045
1368147:0178,178,1368147,NORMAL,0,352,,2026-01-09T16:23:51.837000,session_midpoint,2026-01-09T16:15:47.849000,2026-01-09T16:39:00.845000,3,0,0,0,3,0,0,0,37,0,0,2,56,0,0,4,78,0,0,7,351,0.899
1121878:0179,179,1121878,NORMAL,0,233,,2025-12-22T21:44:54.757000,session_midpoint,2025-12-22T21:41:09.461000,2025-12-22T21:51:24.753000,4,0,0,1,11,0,0,2,23,0,0,2,65,0,0,6,106,0,0,10,233,0.312
1440343:0180,180,1440343,NORMAL,0,291,,2026-03-28T09:41:12.987000,session_midpoint,2026-03-28T09:35:49.918000,2026-03-28T09:53:55.490000,8,0,0,0,17,0,0,0,50,0,0,2,74,0,0,2,146,0,0,6,291,0.56
1072733:0181,181,1072733,NORMAL,0,409,,2025-12-17T15:22:17.400000,session_midpoint,2025-12-17T15:06:24.625000,2025-12-17T15:31:03.588000,13,0,0,1,22,0,0,1,31,0,0,1,31,0,0,1,37,0,0,2,411,0.108
1438301:0182,182,1438301,NORMAL,0,821,,2026-03-27T12:40:06.594000,session_midpoint,2026-03-27T12:31:17.581000,2026-03-27T12:51:21.869000,20,0,0,0,21,0,0,1,43,0,0,3,86,0,0,4,212,0,0,10,821,0.314
