window_id,solution_id,event_index,window_end_time,label,prediction,error_type,judge,current_idle_s,keys_30s,text_keys_30s,clipboard_ops_30s,key_summary
1201971-w002,1201971,523,2025-12-29T19:11:16.619375,0,1,false_positive,AC,59.19,0,0,0,"Shift -> CapsLock -> Shift -> i -> t ->   -> n -> a -> [ -> CapsLock -> M -> A -> X -> [ -> M -> A -> X -> CapsLock -> , -> M -> CapsLockx2 -> mx2 -> [ -> CapsLock -> M -> A -> X -> [ -> M -> A -> X -> ; -> Enter -> F -> O -> R -> Shift -> ( -> I -> N -> CapsLock -> o -> r -> Shift -> ( -> f -> i -> n -> t ->   -> i -> = -> 0 -> ; -> Shift -> < -> n -> i -> ; -> i -> Shift -> +x2 -> s -> Enter -> f -> o -> r -> Shift -> ( -> n -> t ->   -> i -> j -> = -> 0 -> ; -> Shift -> < -> j -> m -> j -> ; -> j -> Shift -> +x2 -> s -> Enter -> Shift -> { -> s -> Enterx2 -> Shift -> { -> Enter -> k -> , -> = -> 0 -> s"
1154790-w003,1154790,65,2025-12-25T16:22:32.222400,0,1,false_positive,WA,119.65,0,0,0,2 ->   -> 1x2 -> Backspacex5 -> Enter ->   -> m -> = -> y -> / -> 6 -> ; -> m -> Enter -> i -> n -> y -> t ->   -> n -> = -> y -> Shift -> % -> 6 -> ; -> 6 -> Shiftx7 -> * -> m -> Shift -> + -> 1 -> Shiftx6 -> + -> 2 -> Shift -> * -> m -> 1 ->   -> 1 -> 0 -> bx2 -> 0x3 -> Control -> c
1154790-w004,1154790,135,2025-12-25T16:26:15.236800,0,1,false_positive,WA,45.703,0,0,0,2 ->   -> 1x2 -> Backspacex5 -> Enter ->   -> m -> = -> y -> / -> 6 -> ; -> m -> Enter -> i -> n -> y -> t ->   -> n -> = -> y -> Shift -> % -> 6 -> ; -> 6 -> Shiftx7 -> * -> m -> Shift -> + -> 1 -> Shiftx6 -> + -> 2 -> Shift -> * -> m -> 1 ->   -> 1 -> 0 -> bx2 -> 0x3 -> Control -> c -> Enterx2 -> Control -> c -> Control -> v -> Enter -> a -> n -> a -> i -> n -> t ->   -> l -> e -> a -> e -> x -> t -> r -> a -> = -> 0 -> ; -> x -> e -> t -> r -> a -> - -> e -> x -> t -> r -> a -> - -> 2 -> Shiftx12 -> * -> n -> = -> + -> 1 -> Shift -> Backspacex10 -> 7 ->   -> 1 -> 3
1009937-w003,1009937,373,2025-12-08T21:59:51.083350,0,1,false_positive,AC,44.595,0,0,0,". -> h -> Shift -> > -> w -> h -> i -> e -> Shift -> l -> ( -> s -> c -> a -> n -> f -> Shift -> ( -> : -> Shift -> "" -> Shift -> % -> D -> s -> , -> s ->   -> Shiftx6 -> @ -> = -> CapsLock -> Shift -> ! -> = ->   -> Shift -> e -> o -> f -> Shift -> o -> f -> e -> CapsLock -> Shift -> E -> O -> F -> Shift -> { -> Enter -> s -> r -> t -> l -> Shift -> ( -> s -> ; -> i -> n -> t ->   -> l -> e -> n ->   -> = ->   -> Enter -> f -> o -> r -> Shift -> ( -> i -> n -> t ->   -> i ->   -> = ->   -> 0 -> ; ->   -> , ->   -> j ->  x2 -> l -> e -> = -> n -> - -> 1 -> i -> Shift -> <"
1008476-w002,1008476,159,2025-12-08T20:22:55.224250,1,0,false_negative,AC,18.694,2,2,0,"Shiftx4 -> # -> i -> n -> c -> l -> u -> d ->   -> e -> Shiftx27 -> < -> > -> Shiftx2 -> s -> t -> d -> i -> o -> . -> h -> Enter -> i -> n -> t -> m -> a ->   -> i -> n -> Shift -> ( -> ) -> { -> Enterx2 -> i -> n -> t ->   -> n -> ; -> w -> h -> i -> Enter -> e -> l -> ( -> ) -> Shift -> i -> n -> t ->   -> n -> s -> c -> a -> n -> f -> g -> Shift -> ( -> Shift -> "" -> % -> D -> d -> , -> Shift -> n -> & -> Shift -> 1 -> Shiftx3 -> ! -> = -> Shiftx13 -> E -> Shift -> O -> F -> Shift -> { -> Enter -> Control -> v -> - -> 1 -> Enterx2 -> Shift -> } -> Enter -> p -> Enter -> p -> Shift -> ( -> Shift -> """
1135122-w003,1135122,436,2025-12-24T08:32:29.408950,0,1,false_positive,AC,29.279,3,3,0,  -> g -> r -> d -> i -> [ -> ] -> [ -> = -> Shiftx3 -> { -> Shift ->   -> Shiftx8 -> } -> ' ->   -> ; -> Enterx2 -> 0 -> 1 -> 0 -> 1 -> 2 -> 0x3 -> i -> n -> t ->   -> i -> = -> 0 -> r -> o -> e -> w -> = -> 0 -> f -> o -> r -> Enter -> f -> o -> r -> Shift -> ( -> i -> n -> t ->   -> i -> = -> 0 -> ; -> i -> Shift -> < -> t -> o -> p -> 1 -> 2 -> = -> ; -> i -> +x2 -> Shiftx2 -> { -> Enter -> i -> n -> t ->   -> c -> o -> l -> = -> 2 -> Shift -> * -> Shiftx6 -> ( -> Shiftx2 -> i -> - -> 1 -> ; -> Enter -> s -> p -> Shift -> ) -> ( -> Shiftx31 -> & -> Shift -> g -> r -> i
1135122-w005,1135122,870,2025-12-24T08:40:10.950100,1,0,false_negative,AC,11.03,1,1,0,Enter -> i -> n -> t ->   -> l -> a -> s -> t -> Shift -> _ -> c -> a -> h -> a -> r -> = -> - -> 0 -> 1 -> - -> 1 -> 2 -> 1 -> ; -> Enter -> f -> o -> r -> Shift -> ( -> i -> n ->   -> t -> Shift -> W -> c -> = -> Shift -> - -> W -> 1 -> ; -> c -> Shift -> > -> 0 -> ; -> c -> Shift -> _x2 -> -x2 -> Shift -> { -> Enter -> = -> i -> f -> Shift -> ( -> g -> r -> i -> d -> [ -> r -> [ -> c -> Shift -> ! -> = -> ' ->   -> Shift -> ! -> = ->   -> ' -> Shiftx4 -> &x2 -> g -> r -> i -> d -> [ -> r -> [ -> c -> Shift -> ! -> = -> 0 -> Shift -> { -> Enter -> l -> a -> = -> c
1145934-w004,1145934,91,2025-12-25T10:00:45.210750,1,0,false_negative,AC,17.671,6,6,0,"Control -> v -> Enter -> Shift -> } -> Shift -> 2 -> * -> Shift -> ( -> Shift -> ) -> n -> -x2 -> y -> x -> y -> Shift -> + -> x -> Shift -> + -> 1 -> ; -> y -> Shift -> < -> = -> n -> ; -> y -> Shiftx2 -> +x2 -> Shift -> { -> Enter -> p -> i -> r -> t -> m -> n -> t -> f -> Shift -> ( -> Shift -> "" -> Shift -> % -> . -> 2 -> d -> , -> i -> ; -> Enter -> p -> r -> n -> t -> f -> i -> Shift -> ( -> Shift -> "" -> \ -> n -> ; -> Enter -> p -> r -> i -> n -> t -> f -> Shift -> ( -> Shift -> "" -> \ -> n -> ; -> / -> * -> Enter -> * -> /"
1006107-w005,1006107,277,2025-12-08T19:07:54.573000,0,1,false_positive,WA,241.62,0,0,0,"m -> a -> i -> n -> Shift -> ( -> Enter -> Shift -> { -> Enter -> r -> e -> t -> u -> r -> n ->   -> 0 -> ; -> Enter -> w -> h -> i -> l -> e -> Shift -> ( -> s -> c -> a -> n -> f -> Shift -> ( -> Shift -> "" -> Shift -> % -> d -> , -> Shift -> & -> n -> Shift -> ! -> = -> Shift -> O -> E -> F -> Shift -> Enter -> [ -> Enterx2 -> Shift -> { -> Enterx2 -> i -> n -> t ->   -> n -> ; -> f -> o -> r -> Shift -> ( -> i -> t ->   -> n -> i -> = -> 0 -> ; -> i -> Shiftx11 -> < -> n -> 1 -> = -> ; -> i -> Shiftx2 -> +x2 -> Enter -> Shift -> Enter -> Shift -> Enter -> Shift -> { -> Enter -> f -> o -> r -> Shift -> ( -> i"
1204347-w003,1204347,700,2025-12-29T20:47:26.746800,0,1,false_positive,WA,29.966,1,1,0,"Controlx12 -> v -> j -> = -> Controlx3 -> v -> j -> Shift -> + -> 1 -> ; -> Enter -> Control -> v -> j -> + -> 1 -> Shift -> = -> g -> ; -> p -> r -> i -> n -> t -> f -> Shiftx4 -> ( -> Shift -> "" -> Shiftx12 -> B -> E -> S -> T -> \ -> n -> Shiftx56 -> % -> Shift -> d ->   -> Shift -> % -> d ->   -> Shift -> % -> d ->   -> Shift -> % -> d -> \ -> n -> , -> Shiftx56 -> Controlx10 -> v -> . -> 0 -> , -> Controlx6 -> v -> 0 -> . -> n -> u -> m -> , -> Controlx9 -> v -> Control -> 0 -> . -> b -> , -> Control -> v -> 0 -> . -> c -> , -> Control -> v -> 0 -> . -> d -> ; -> u"
1299589-w001,1299589,58,2026-01-06T20:23:42.642400,0,1,false_positive,AC,84.287,0,0,0,"Shift -> # -> i -> n -> c -> l -> u -> d -> e -> Shift -> < -> t -> d -> s -> i -> . -> o -> h -> Shift -> > -> Enter -> n -> t ->   -> i -> m -> i -> n -> Shift -> a -> ( -> Shift -> { -> Enterx6 -> r -> e -> t -> u -> r ->   -> 0 -> n -> ; -> i -> n -> t ->   -> a -> , -> b -> , -> n -> ; -> Enter"
1090270-w005,1090270,630,2025-12-19T11:11:44.434500,0,1,false_positive,AC,33.166,0,0,0,Shift -> ( -> e -> v -> e -> n -> [ -> j -> > -> Shift -> Enter -> i -> n -> t ->   -> t -> ; -> = -> e -> v -> e -> n -> [ -> j -> e -> v -> e -> n -> [ -> j -> Shift -> + -> 1 -> Shift -> { -> Enter -> e -> v -> n -> e -> [ -> j -> = -> e -> v -> e -> n -> Shift -> J -> [ -> Shift -> + -> 1 -> j -> ; -> Enter -> e -> v -> e -> n -> [ -> j -> Shift -> + -> 1 -> - -> = -> t -> ; -> Control -> Insert -> Control -> Insert -> Control -> c -> Control -> v -> Control -> v -> ox3 -> dx4 -> ox2 -> dx2 -> o -> dx2 -> o -> dx2 -> o -> dx2 -> Control -> Insert -> Enter -> r -> f -> o -> Shift -> ( -> i -> n -> t
1132940-w003,1132940,402,2025-12-23T22:35:29.438800,0,1,false_positive,AC,50.818,0,0,0,". -> h -> i -> n -> t ->   -> l -> e -> n -> Shiftx3 -> _ -> 1 -> = ->  x2 -> s -> t -> r -> l -> e -> n -> Shift -> ( -> b -> ; -> Enter -> i -> n -> t ->   -> l -> e -> n -> Shift -> + -> Shift -> _ -> 2 ->   -> = ->   -> s -> t -> r -> l -> e -> n ->   -> Shift -> ( -> a -> f -> ; -> Enterx3 -> v -> o -> i -> d ->   -> m -> a -> x -> Shiftx2 -> i -> n -> t -> ( ->   -> a -> , -> i -> n -> t ->   -> b -> Shift -> { -> Enter -> r -> e -> t ->   -> Shiftx7 -> ( -> a ->   -> Shift -> > ->   -> b ->   -> Shift -> ? ->   -> a ->   -> : -> Shift ->   -> b -> ;"
1132940-w004,1132940,456,2025-12-23T22:39:30.245100,0,1,false_positive,AC,86.807,0,0,0,"; -> Enterx3 -> v -> o -> i -> d ->   -> m -> a -> x -> Shiftx2 -> i -> n -> t -> ( ->   -> a -> , -> i -> n -> t ->   -> b -> Shift -> { -> Enter -> r -> e -> t ->   -> Shiftx7 -> ( -> a ->   -> Shift -> > ->   -> b ->   -> Shift -> ? ->   -> a ->   -> : -> Shift ->   -> b -> ; -> Enter -> i -> n -> t ->   -> m -> x -> a ->   -> Shift -> _ -> l -> e -> nx2 ->   -> = ->   -> m -> a -> x -> ( -> Shift -> l -> 1 -> ; -> , -> l -> Enter -> ; -> f -> o -> r -> Shift -> ( -> i -> n -> t ->   -> n ->   -> = ->   -> 0 -> i -> j -> ; ->   -> i ->   -> Shift -> <"
1272023-w002,1272023,483,2026-01-05T16:32:40.661625,0,1,false_positive,TLE,82.992,0,0,0,"n -> , -> c -> u -> o -> n -> t -> ; -> , -> c -> o -> u -> n -> t -> ; -> Enter -> i -> n -> t ->   -> i -> s -> p -> r -> i -> m -> e -> Shift -> ( -> i -> n -> t ->   -> n -> Enter -> Shift -> { -> Enter -> i -> f -> Shift -> n -> ( -> Shift -> < -> = -> 1 -> Enter -> r -> e -> t -> u -> r -> n ->   -> ; -> Enter -> 0 -> i -> f -> Shift -> n -> ( -> Shift -> < -> = -> 3 -> Enter -> r -> Alt ->   -> 1 -> ; -> Enter -> i -> f -> Shift -> ( -> n -> Shiftx5 -> 2 -> % -> =x2 -> 0 -> Shift -> |x2 -> n -> Shift -> % -> 3 -> =x2 -> 0 -> Enter -> r ->   -> 0 -> ; -> Enter ->   -> Enter"
1259801-w004,1259801,205,2026-01-04T19:21:04.951524999,1,0,false_negative,AC,16.562,16,15,0,"# -> i -> n -> c -> Shift -> l -> u -> d -> Shift -> < -> e -> s -> d -> t -> i -> o -> . -> h -> Shift -> Enter -> > -> n -> t ->   -> m -> i -> a -> i -> Shift -> N -> ( -> Shift -> ( -> n -> Shift -> { -> Enter -> ' -> Enterx3 -> r -> t -> u -> r -> e -> n ->   -> 0 -> ; -> Enter -> Shift -> } -> i -> n -> t -> s ->   -> , -> e -> , -> r -> Enter -> ; -> w -> h -> i -> e -> Shift -> l -> ( -> s -> c -> a -> n -> f -> Shift -> ( -> "" -> s -> Shift -> ~ -> e -> , -> r -> , -> Shift -> & -> s -> Shift -> "" -> % -> d -> Shift -> ~ -> Shift -> d -> % -> , -> Shift -> d -> %"
1259801-w005,1259801,214,2026-01-04T19:21:48.101099999,1,0,false_negative,AC,17.817,9,6,0,"# -> i -> n -> c -> Shift -> l -> u -> d -> Shift -> < -> e -> s -> d -> t -> i -> o -> . -> h -> Shift -> Enter -> > -> n -> t ->   -> m -> i -> a -> i -> Shift -> N -> ( -> Shift -> ( -> n -> Shift -> { -> Enter -> ' -> Enterx3 -> r -> t -> u -> r -> e -> n ->   -> 0 -> ; -> Enter -> Shift -> } -> i -> n -> t -> s ->   -> , -> e -> , -> r -> Enter -> ; -> w -> h -> i -> e -> Shift -> l -> ( -> s -> c -> a -> n -> f -> Shift -> ( -> "" -> s -> Shift -> ~ -> e -> , -> r -> , -> Shift -> & -> s -> Shift -> "" -> % -> d -> Shift -> ~ -> Shift -> d -> % -> , -> Shift -> d -> %"
1429511-w002,1429511,445,2026-03-24T14:09:05.360125,0,1,false_positive,AC,31.18,0,0,0,"< -> n -> l -> ; -> m -> ; ->   -> + -> i -> + ->   -> { -> Enter -> s -> Shift -> c -> n -> a -> f -> d -> Shift -> * -> (x2 -> "" -> % -> d ->   -> Shift -> % -> d ->   -> Shift -> % -> D -> d ->   -> , -> Shift -> & -> p -> , ->   -> & -> Shift -> m -> , ->   -> Shift -> c -> & -> ; -> [ -> o -> ix2 -> [ -> i -> [ -> i -> Enterx2 -> f -> r -> o ->   -> Shift -> ( -> i -> n -> t ->   -> i -> = -> 0 -> ; ->   -> i -> Shift -> < -> n -> ; -> m -> ; ->   -> +x2 -> u ->   -> i -> Shift -> Enter -> { -> Enter -> v -> e -> c -> t -> r -> Shift -> < -> o -> i -> n"
1429511-w004,1429511,478,2026-03-24T14:15:12.908775,0,1,false_positive,AC,150.728,0,0,0,"% -> D -> d ->   -> , -> Shift -> & -> p -> , ->   -> & -> Shift -> m -> , ->   -> Shift -> c -> & -> ; -> [ -> o -> ix2 -> [ -> i -> [ -> i -> Enterx2 -> f -> r -> o ->   -> Shift -> ( -> i -> n -> t ->   -> i -> = -> 0 -> ; ->   -> i -> Shift -> < -> n -> ; -> m -> ; ->   -> +x2 -> u ->   -> i -> Shift -> Enter -> { -> Enter -> v -> e -> c -> t -> r -> Shift -> < -> o -> i -> n -> t -> Shift -> > ->   -> d -> p -> Shiftx5 -> n -> ( -> + -> , ->   -> 0 -> 1 -> ; -> f -> o -> r ->   -> Shift -> ( -> i -> n -> t ->   -> j -> = -> 0 -> ; ->   -> j -> Shift"
1429511-w005,1429511,478,2026-03-24T14:18:16.683100,0,1,false_positive,AC,334.502,0,0,0,"% -> D -> d ->   -> , -> Shift -> & -> p -> , ->   -> & -> Shift -> m -> , ->   -> Shift -> c -> & -> ; -> [ -> o -> ix2 -> [ -> i -> [ -> i -> Enterx2 -> f -> r -> o ->   -> Shift -> ( -> i -> n -> t ->   -> i -> = -> 0 -> ; ->   -> i -> Shift -> < -> n -> ; -> m -> ; ->   -> +x2 -> u ->   -> i -> Shift -> Enter -> { -> Enter -> v -> e -> c -> t -> r -> Shift -> < -> o -> i -> n -> t -> Shift -> > ->   -> d -> p -> Shiftx5 -> n -> ( -> + -> , ->   -> 0 -> 1 -> ; -> f -> o -> r ->   -> Shift -> ( -> i -> n -> t ->   -> j -> = -> 0 -> ; ->   -> j -> Shift"
1017474-w002,1017474,95,2025-12-10T08:49:47.886750,0,1,false_positive,AC,41.723,0,0,0,"Control -> i -> # -> Shift -> i -> n -> c -> l -> u -> d -> ex3 -> Shift -> < -> s -> t -> d -> i -> o -> . -> h -> Shift -> > -> Enter -> i -> n -> t ->   -> m -> a -> i -> n -> Shift -> ( -> Shift -> { -> Shift -> { -> Enter -> w -> i -> h -> l -> e -> Shift -> ( -> s -> c -> a -> n -> f -> Shift -> ( -> Enter -> c -> h -> a -> r ->   -> n -> u -> m -> Shift -> { -> 6 -> [ -> 6 -> = -> Shift -> { -> 0 -> Shift -> } -> ; -> Shift -> "" -> Shift -> % -> s ->   -> ,x2 ->   -> n -> u -> m -> Shift -> ! -> = -> e -> o -> f -> Shift -> { -> Enter"
1017474-w005,1017474,265,2025-12-10T08:54:23.344800,0,1,false_positive,AC,38.538,0,0,0,"t -> d -> i -> o -> . -> h -> Shift -> > -> Enter -> i -> n -> t ->   -> m -> a -> i -> n -> Shift -> ( -> Shift -> { -> Shift -> { -> Enter -> w -> i -> h -> l -> e -> Shift -> ( -> s -> c -> a -> n -> f -> Shift -> ( -> Enter -> c -> h -> a -> r ->   -> n -> u -> m -> Shift -> { -> 6 -> [ -> 6 -> = -> Shift -> { -> 0 -> Shift -> } -> ; -> Shift -> "" -> Shift -> % -> s ->   -> ,x2 ->   -> n -> u -> m -> Shift -> ! -> = -> e -> o -> f -> Shift -> { -> Enter -> i -> n -> t ->   -> t -> = -> 0 -> ; -> Enter -> i -> f -> Shift -> ( -> n -> u -> m -> [ -> 5 -> 4 -> =x2 -> '"
1070364-w002,1070364,178,2025-12-17T09:17:37.743625,0,1,false_positive,WA,47.01,0,0,0,"Shift -> # -> i -> n -> c -> l -> u -> d -> Shift -> e -> Shift -> < -> s -> t -> d -> i -> o -> h -> . -> Shift -> > -> Enter -> i -> n -> t ->   -> m -> a -> i -> n -> Shift -> ) -> Shift -> ( -> v -> i -> o -> i -> d -> Shift -> { -> Enter -> i -> t ->   -> a -> n -> , -> b -> ; -> Enter -> s -> c -> a -> n -> g -> f -> Shift -> ( -> "" -> % -> d -> Shift -> % -> d -> , -> Shiftx6 -> & -> a -> , -> Shiftx10 -> & -> b -> ; -> Enter -> f -> o -> r -> Shift -> ( -> b -> Shift -> > -> 0 -> Shift -> { -> Enterx2 -> n -> t ->   -> i -> c -> ; -> c -> = -> a -> Shiftx21 -> % -> b -> ;"
1391662-w001,1391662,42,2026-01-10T10:29:13.079800,0,1,false_positive,WA,193.599,0,0,0,Shift -> # -> i -> n -> c -> l -> u -> e -> Shift -> < -> > -> d -> sx2 -> t -> i -> o -> dx2 -> i -> o -> . -> h -> Enterx2 -> i -> n -> t ->   -> m -> a -> i -> Shift -> ( -> n -> v -> o -> i -> d -> Enter -> { -> Shift -> Enter
1440765-w004,1440765,258,2026-03-28T11:44:51.931675,0,1,false_positive,AC,62.445,0,0,0,"  -> s -> Controlx2 -> t -> r -> i -> s -> n -> g -> s ->   -> ; -> Enter -> w -> h -> i -> l -> e -> Shift -> ( -> g -> e -> t -> l -> i -> n -> e -> Shift -> ( -> i -> n -> , -> c -> s -> Shift -> { -> Enter -> o -> r -> f -> Shift -> ( -> i -> n -> r -> Control -> n -> t ->   -> ix2 -> = -> 0 -> ; -> i -> Shift -> s -> < -> . -> s -> i -> z -> e -> Shift -> ( -> ; -> i -> Shift -> +x2 -> Shift -> { -> Enter -> i -> f -> Shift -> ( -> s -> i -> a -> l -> p -> h -> a -> Shift -> ( -> s -> [ -> i -> Shift -> { -> Enter -> s -> [ -> i -> = -> t -> o -> u -> Shift -> ( -> s"
1041521-w001,1041521,71,2025-12-13T20:16:00.762800,0,1,false_positive,AC,196.575,0,0,0,Shiftx18 -> # -> Shiftx3 -> i -> Shift -> c -> l -> n -> d -> u -> e -> Shift -> < -> > -> s -> t -> d -> i -> o -> . -> h -> Enter -> i -> n -> t -> m -> i ->   -> a -> n -> a -> i -> n -> Shift -> ( -> v -> i -> d -> o -> Shift -> { -> Enter -> e -> t -> r -> u -> r -> n ->   -> 0 -> ; -> \ -> Enter
1146055-w004,1146055,271,2025-12-25T10:13:50.642675,0,1,false_positive,AC,45.766,0,0,0,"Shiftx7 -> > -> Shift -> Enter -> Shift -> i -> n -> t ->   -> m -> a -> i -> n -> Shift -> ( -> Control -> v -> Enter -> i ->   -> n -> m -> a -> i -> t -> n -> Shift -> ( -> Shift -> { -> Enter -> t -> i ->   -> nx2 -> ; -> Enter -> w -> i -> l -> e -> h -> Shiftx24 -> ( -> a -> c -> n -> s -> c -> a -> n -> f -> Shift -> ( -> Shiftx3 -> "" -> Shift -> % -> d -> , -> Shift -> & -> n -> Shift -> ! -> + -> = -> d -> # -> E -> Shiftx2 -> E -> O -> F -> Shiftx16 -> { -> Enter -> Shift -> i -> n -> t ->   -> a -> rx2 -> 9 -> [ -> n -> ; -> Enter -> f -> o -> r -> Shift -> ( -> i -> n -> t ->   -> i -> ="
1146055-w005,1146055,271,2025-12-25T10:14:53.219700,0,1,false_positive,AC,108.343,0,0,0,"Shiftx7 -> > -> Shift -> Enter -> Shift -> i -> n -> t ->   -> m -> a -> i -> n -> Shift -> ( -> Control -> v -> Enter -> i ->   -> n -> m -> a -> i -> t -> n -> Shift -> ( -> Shift -> { -> Enter -> t -> i ->   -> nx2 -> ; -> Enter -> w -> i -> l -> e -> h -> Shiftx24 -> ( -> a -> c -> n -> s -> c -> a -> n -> f -> Shift -> ( -> Shiftx3 -> "" -> Shift -> % -> d -> , -> Shift -> & -> n -> Shift -> ! -> + -> = -> d -> # -> E -> Shiftx2 -> E -> O -> F -> Shiftx16 -> { -> Enter -> Shift -> i -> n -> t ->   -> a -> rx2 -> 9 -> [ -> n -> ; -> Enter -> f -> o -> r -> Shift -> ( -> i -> n -> t ->   -> i -> ="
1322502-w003,1322502,294,2026-01-07T19:16:14.221450,0,1,false_positive,AC,164.41,0,0,0,"m -> Enter -> h -> i -> w -> l -> e -> Shift -> ( -> s -> c -> a -> n -> f -> Shift -> ( -> Shift -> : -> ""x2 -> Shiftx2 -> % -> d -> "" -> , -> Shift -> & -> n -> . -> Shift -> & -> m ->   -> Shift -> % -> d -> , -> Shift -> ! -> = -> Shift -> E -> O -> F -> Shift -> { -> Enter -> i -> n -> t -> a -> rx2 ->   -> [ -> 1 -> 5 -> 0 -> [ -> 1 -> 0 -> 5 -> ; -> Enter -> f -> o -> r -> Shift -> ( -> i -> n ->   -> t -> i -> = -> 0 -> ; -> i -> Shift -> < -> n -> ; -> i -> Shift -> +x2 -> Shift -> { -> Enter -> o -> r -> f -> Shift -> ( -> i -> n -> t ->   -> j -> = -> 0 -> ; -> j"
1095283-w005,1095283,516,2025-12-19T21:50:12.892399999,0,1,false_positive,AC,45.206,0,0,0,"r -> e -> a -> l -> k -> ; -> f -> i -> Shift -> ( -> f -> l -> a -> g -> =x2 -> 1 -> Shift -> { -> Enterx2 -> e -> l -> ; -> s -> e -> s -> e -> { -> Shift -> Enter -> p -> r -> n -> t -> f -> i -> Shift -> ( -> Shift -> "" -> CapsLock -> N -> 0 -> Shift -> \ -> CapsLock -> Shift -> , -> n -> ; -> c -> h -> a -> r ->   -> c -> n -> t -> [ -> 5 -> 6 -> 2 -> ; -> Enter -> f -> o -> r -> Shift -> ( -> n ->   -> t -> i ->   -> t -> i -> = -> 0 -> ; -> Shift -> < -> i -> e -> n -> l -> Shift -> + -> 1 -> Controlx3 -> Shift -> ( -> Shift -> ) -> / -> 2 -> ; -> i -> Shift -> +x2 -> Shift -> {"
1257843-w005,1257843,141,2026-01-04T17:26:24.090700,0,1,false_positive,AC,106.944,0,0,0,"Shift -> # -> i -> n -> c -> l -> u -> d -> e ->   -> CapsLock -> Shift -> CapsLock -> Shiftx11 -> < -> Shift -> s -> t -> d -> o -> . -> h -> i -> Shift -> < -> Shift -> > -> Enterx2 -> i -> n ->   -> m -> a -> t -> i -> n -> Shiftx6 -> ( -> Enter -> Shift -> { -> Enter -> i -> n -> t ->   -> n -> ; -> Enter -> w -> h -> l -> e -> i -> Shift -> ( -> s -> a -> n -> c -> f -> Shift -> ( -> Shift -> "" -> Shift -> d -> % -> , -> Shiftx12 -> & -> n -> Shiftx2 -> ! -> = -> Shift -> E -> O -> F -> Shiftx2 -> Enter -> Shift -> { -> Enter -> r -> i -> n -> t -> f -> p -> Shift -> ( -> Shift -> "" -> Shift -> % -> x -> \ -> n -> b"
1432485-w004,1432485,824,2026-03-25T10:46:16.332800,0,1,false_positive,AC,57.729,0,0,0,e -> ( -> Shift -> i -> ; -> Shift -> + -> Shift -> { -> + -> Enter -> i -> n -> t ->   -> v ->   -> = ->   -> g -> [ -> u -> [ -> i -> . -> f -> i -> s -> r -> t -> Enter -> ; -> i -> t ->   -> d -> n ->   -> = ->   -> g -> [ -> u -> [ -> i -> . -> s -> e -> c -> o -> d -> ; -> n -> Enterx2 -> f -> i -> Shift -> ( -> i -> s -> d -> t -> [ -> v ->   -> Shift -> > ->   -> ; -> d -> Shift -> Enter -> d -> i -> { -> t -> s -> [ -> v ->   -> = ->   -> d -> ; -> Enterx2 -> p -> q -> . -> p -> u -> d -> h -> s -> h -> Shiftx71 -> ( -> Shift -> { -> Shift -> d
1101613-w003,1101613,193,2025-12-20T17:05:16.369449999,0,1,false_positive,AC,39.219,0,0,0,"Shift -> # -> i -> n -> l -> c -> u -> d -> e -> Shift -> < -> s -> t -> d -> i -> o -> . -> h -> Shift -> > -> Enter -> i -> n -> t -> m -> a ->   -> i -> Shift -> ( -> Shift -> n -> ) -> Shift -> { -> Enter -> i -> n -> t ->   -> n -> ; -> Enter -> w -> h -> i -> l -> e -> Shift -> ( -> s -> a -> n -> f -> c -> Shift -> ( -> Shift -> "" -> Shift -> % -> d -> Shift -> "" -> , -> Shift -> & -> n -> Shiftx2 -> ) -> ! -> = -> Shift -> E -> O -> F -> Shift -> ) -> Shift -> { -> Enter -> f -> o -> r -> Shift -> ( -> i -> n -> t ->   -> i -> = -> 0 -> ; -> i -> Shift -> < -> 3 -> i -> ;"
1154760-w001,1154760,132,2025-12-25T16:10:14.133200,0,1,false_positive,AC,99.573,0,0,0,"# -> i -> n -> c -> l -> u -> d -> e ->   -> < -> s -> t -> d -> i -> o -> . -> h -> > -> Enter -> i -> t ->   -> n -> m -> a -> n -> i -> ( -> v -> o -> i -> d -> Enter -> { -> Enter -> i -> n -> t ->   -> t -> ; -> Enter -> w -> s -> c -> a -> n -> f -> ( -> "" -> % -> d -> , -> & -> t -> ; -> Enter -> w -> h -> i -> l -> e -> ( -> t -> -x2 -> Enter -> { -> Enter -> i -> n -> t ->   -> n -> ; -> Enter -> s -> c -> a -> n -> f -> ( -> "" -> % -> d -> , -> & -> n -> ; -> Enter -> i -> n -> t -> i -> n -> t ->   -> a -> [ -> l -> o"
1154760-w002,1154760,132,2025-12-25T16:14:34.665500,0,1,false_positive,AC,360.106,0,0,0,"# -> i -> n -> c -> l -> u -> d -> e ->   -> < -> s -> t -> d -> i -> o -> . -> h -> > -> Enter -> i -> t ->   -> n -> m -> a -> n -> i -> ( -> v -> o -> i -> d -> Enter -> { -> Enter -> i -> n -> t ->   -> t -> ; -> Enter -> w -> s -> c -> a -> n -> f -> ( -> "" -> % -> d -> , -> & -> t -> ; -> Enter -> w -> h -> i -> l -> e -> ( -> t -> -x2 -> Enter -> { -> Enter -> i -> n -> t ->   -> n -> ; -> Enter -> s -> c -> a -> n -> f -> ( -> "" -> % -> d -> , -> & -> n -> ; -> Enter -> i -> n -> t -> i -> n -> t ->   -> a -> [ -> l -> o"
1154760-w003,1154760,188,2025-12-25T16:18:55.197800,0,1,false_positive,AC,130.844,0,0,0,"# -> i -> n -> c -> l -> u -> d -> e ->   -> < -> s -> t -> d -> i -> o -> . -> h -> > -> Enter -> i -> t ->   -> n -> m -> a -> n -> i -> ( -> v -> o -> i -> d -> Enter -> { -> Enter -> i -> n -> t ->   -> t -> ; -> Enter -> w -> s -> c -> a -> n -> f -> ( -> "" -> % -> d -> , -> & -> t -> ; -> Enter -> w -> h -> i -> l -> e -> ( -> t -> -x2 -> Enter -> { -> Enter -> i -> n -> t ->   -> n -> ; -> Enter -> s -> c -> a -> n -> f -> ( -> "" -> % -> d -> , -> & -> n -> ; -> Enter -> i -> n -> t -> i -> n -> t ->   -> a -> [ -> l -> o"
1328801-w005,1328801,334,2026-01-07T22:14:15.944900,0,1,false_positive,WA,47.971,0,0,0,"a -> f -> n -> Shift -> ( -> Shiftx20 -> "" -> Shiftx16 -> % -> d ->   -> Shift -> % -> s -> , -> Shift -> & -> n -> ; -> , -> a -> Shift -> ! -> = -> CapsLock -> E -> F -> CapsLock -> O -> Shift -> { -> Enter -> f -> o -> r -> Shift -> ( -> i -> n -> t ->   -> i -> = -> 0 -> ; -> j -> i -> Shift -> < -> n -> ; -> Shift -> + -> Shift -> + -> i -> Shift -> Enter -> { -> s -> c -> n -> f -> a -> Shift -> ( -> a -> Shift -> "" -> Shift -> % -> d -> , -> a -> [ -> i -> & -> Shift -> ; -> Enter -> f -> o -> r -> Shift -> ( -> i -> n -> t ->   -> i -> = -> j -> = -> 0 -> ; -> j -> Shift -> < -> n -> -"
1271708-w002,1271708,452,2026-01-05T16:25:58.744750,0,1,false_positive,TLE,22.952,6,5,0,"Shiftx15 -> # -> i -> n -> l -> c -> u -> d -> e ->   -> Shiftx2 -> < -> s -> t -> d -> l -> i -> b -> . -> h -> Shift -> > -> Enterx2 -> i -> n -> t ->   -> c -> m -> p -> Shiftx4 -> ( -> Shift -> c -> o -> n -> s -> t ->   -> v -> o -> i -> d ->   -> Shiftx24 -> * -> a ->   -> , -> o -> c -> n -> s -> t ->   -> v -> o -> i -> d ->   -> Shiftx16 -> * -> b -> Shift -> { -> Enter -> i -> n -> r -> t ->   -> Shift -> * -> p -> a -> = -> ( -> Shift -> n -> t ->   -> i -> Shift -> * -> a -> ; -> Enter -> i -> n -> t ->   -> Shiftx6 -> * -> Shiftx3 -> p -> b -> = -> Shift -> ( -> i"
1271708-w005,1271708,701,2026-01-05T16:35:31.088200,0,1,false_positive,TLE,31.588,0,0,0,"+ -> Enter -> /x2 -> m -> e -> Shiftx2 -> i -> n -> t ->   -> c -> o -> u -> t -> n -> = -> 0 -> ; -> /x2 -> n -> y -> Shift -> 0 -> 1 -> Enter -> Shift -> w -> i -> l -> e -> h -> Shift -> ( -> i -> c -> o -> n -> u -> t -> Shiftx13 -> ! -> Shiftx3 -> 1 -> = -> Shift -> { -> Enter -> /x2 -> p -> a -> Shiftx2 -> Enter -> q -> s -> o -> r -> t -> ( -> Shift -> a -> , -> c -> o -> u -> n -> t -> , -> s -> i -> z -> o -> f -> Shift -> e -> Shift -> ( -> i -> n -> t -> , -> c -> m -> p -> ; -> Enter -> /x2 -> Shiftx2 -> h -> e -> b -> i -> n -> Shift -> Enter -> Shift -> a -> 0 -> [ -> Shiftx8 -> +"
1171120-w005,1171120,278,2025-12-26T19:56:14.268400,0,1,false_positive,WA,92.086,0,0,0,"i -> ( -> Enter -> Shift -> { -> Enter -> r -> e -> u -> t -> r -> n ->   -> ; -> 0 -> Enter -> i -> t ->   -> nx2 -> ; -> Enter -> w -> h -> i -> e -> l -> Shift -> < -> s -> ( -> c -> a -> n -> f -> Shiftx2 -> "" -> ( -> Shift -> % -> d -> , -> Shift -> & -> n -> Shift -> ! -> = -> CapsLock -> E -> O -> F -> CapsLock -> Enter -> Shift -> { -> Enter -> f -> o -> f -> rx2 -> Shift -> ( -> i -> n -> t ->   -> i -> = -> 1 -> ; -> i -> Shift -> < -> n -> ; -> i -> Shift -> +x2 -> Enter -> [ -> Shift -> Enter -> Shift -> { -> Enter -> f -> o -> r -> Enter -> f -> o -> r -> Shift -> ( -> i -> n -> t ->   -> m"
1395045-w005,1395045,236,2026-01-10T11:48:04.425100,0,1,false_positive,AC,32.671,0,0,0,"Shift -> # -> Shift -> i -> n -> c -> l -> u -> d -> e -> Shift -> < -> s -> t -> d -> i -> o -> . -> h -> Shift -> > -> Enter -> n -> t -> i ->   -> m -> a -> i -> n -> Shift -> ( -> Shift -> Enter -> { -> r -> e -> t -> u -> r -> n ->   -> 0 -> ; -> Enter -> i -> n -> t ->   -> x -> , -> y -> , -> n -> ; -> Enter -> w -> h -> i -> l -> e -> Shift -> ( -> a -> s -> c -> a -> n -> Shift -> f -> ( -> "" -> % -> d -> Shift -> ~ -> Shift -> $ -> Shift -> % -> d -> , -> Shiftx4 -> % -> d -> , -> Shiftx45 -> & -> Shiftx4 -> x -> , -> Shift -> & -> y -> , -> & -> Shift -> n -> Shift -> !"
1239234-w005,1239234,505,2026-01-02T22:37:35.350500,0,1,false_positive,TLE,162.06,0,0,0,"e -> Shift -> ( -> s -> c -> a -> n -> f -> Shiftx2 -> ( -> "" -> Shift -> % -> d -> , -> Shift -> & -> n -> Shift -> ! -> = -> Shiftx3 -> E -> O -> F -> Shift -> { -> Enter -> i -> n -> t ->   -> a -> , -> b -> ; -> Enter -> f -> o -> Shift -> ( -> r -> i -> n -> t ->   -> i -> w -> i -> l -> e -> h -> Shift -> ( -> f -> o -> r -> w -> h -> i -> l -> e -> Shift -> ( -> a -> Shift -> ! -> = -> b -> f -> o -> r -> Shift -> ( -> i -> t -> n ->   -> i -> = -> 0 -> ; -> i -> a -> [ -> i -> Shift -> < -> n -> ; -> i -> Shift -> +x2 -> Shift -> Enter -> { -> zx3 -> a -> = -> z"
1025438-w001,1025438,114,2025-12-11T14:03:17.473800,1,0,false_negative,AC,22.984,9,9,0,"Shift -> # -> i -> n -> c -> ; -> u -> d -> e -> l -> u -> d -> e -> < -> s -> Shift -> t -> d -> i -> o -> h -> Shift -> . -> > -> Enter -> i -> n -> t ->   -> m -> a -> i -> n -> Shift -> ( -> Enter -> Shift -> { -> Enter -> l -> o -> n -> g ->   -> o -> n -> l -> f -> g -> l -> o -> n -> g ->   -> l -> o -> g -> n ->   -> n -> ; -> Enter -> w -> h -> i -> l -> e -> Shift -> ( -> s -> c -> n -> f -> a -> Shift -> ( -> Shift -> "" -> Shift -> % -> d -> lx2 -> d -> , -> Shiftx3 -> & -> n -> Shift -> ! -> = -> CapsLock -> E -> O -> F -> CapsLock -> Enter -> Shift -> { -> ' -> Enter"
1025438-w005,1025438,494,2025-12-11T14:17:34.161100,0,1,false_positive,AC,37.945,0,0,0,"Enter -> b -> r -> a -> k -> e -> ; -> Enter -> e -> l -> s -> e ->   -> i -> f -> Shift -> ( -> t -> =x2 -> n -> Enter -> Shift -> { -> Enter -> p -> r -> i -> n -> t -> f -> Shift -> ( -> "" -> Shift -> Control -> v -> \ -> n -> Enter -> ; -> Enter -> b -> r -> e -> a -> j -> k -> ; -> Enterx2 -> u -> n -> m -> Shift -> + -> Shift -> + -> ; -> f -> i -> Shiftx2 -> e -> ; -> l -> s -> e ->   -> i -> f -> Shift -> ( -> b -> n -> m -> u -> =x2 -> 1 -> 0x3 -> Enter -> { -> Enter -> Shift -> p -> r -> i -> n -> t -> y -> fx2 -> Shift -> ( -> Shift -> "" -> v -> Controlx2 -> v -> \ -> n -> ' -> ; -> Enter"
1010242-w002,1010242,140,2025-12-08T22:11:49.988500,0,1,false_positive,AC,242.319,0,0,0,"Shiftx2 -> # -> i -> n -> c -> l -> u -> d -> e -> Shift -> < -> s -> t -> d -> i -> o -> . -> Shift -> h -> > -> Enter -> n -> Enter -> i -> n -> t ->   -> m -> i -> n -> Shift -> a -> ( -> Shift -> } -> Shift -> { -> Enter -> c -> h -> a -> r ->   -> s -> t -> r -> [ -> 1 -> 0x3 -> ; -> Enter -> w -> h -> i -> e -> lx2 -> e -> Shift -> ( -> f -> g -> e -> t -> s -> Shift -> ( -> t -> r -> s -> , -> 1 -> - -> 0x6 -> , -> s -> t -> d -> i -> n -> Shift -> ! -> Shift -> ! -> = -> CapsLock -> E -> O -> F -> CapsLock -> Shift -> { -> Enter -> c -> h -> a -> r ->   -> s -> 1 -> ["
1010242-w004,1010242,140,2025-12-08T22:21:13.162300,0,1,false_positive,AC,805.492,0,0,0,"Shiftx2 -> # -> i -> n -> c -> l -> u -> d -> e -> Shift -> < -> s -> t -> d -> i -> o -> . -> Shift -> h -> > -> Enter -> n -> Enter -> i -> n -> t ->   -> m -> i -> n -> Shift -> a -> ( -> Shift -> } -> Shift -> { -> Enter -> c -> h -> a -> r ->   -> s -> t -> r -> [ -> 1 -> 0x3 -> ; -> Enter -> w -> h -> i -> e -> lx2 -> e -> Shift -> ( -> f -> g -> e -> t -> s -> Shift -> ( -> t -> r -> s -> , -> 1 -> - -> 0x6 -> , -> s -> t -> d -> i -> n -> Shift -> ! -> Shift -> ! -> = -> CapsLock -> E -> O -> F -> CapsLock -> Shift -> { -> Enter -> c -> h -> a -> r ->   -> s -> 1 -> ["
1010242-w005,1010242,388,2025-12-08T22:25:54.749200,0,1,false_positive,AC,37.792,0,0,0,"; -> Enter -> , -> f -> o -> r -> Shift -> ( -> i -> n -> t -> i ->   -> NumLockx2 -> i ->   -> = -> ; -> 0 -> i -> Shift -> < -> n -> ; -> j -> s -> t -> r -> [ -> i -> Shift -> ! -> = -> ' -> \ -> 0 -> ; -> i -> Shift -> +x2 -> Shift -> { -> Enter -> f -> i -> Shift -> ( -> i -> n -> Enter -> t ->   -> j -> k -> , -> = -> 0 -> , -> = -> k -> 0 -> ; -> s -> t -> p -> r -> NumLock -> [ -> i -> > -> Shift -> = -> ' -> CapsLock -> A -> CapsLock ->   -> Shift -> & ->   -> s -> & -> t -> r -> [ -> i -> Shift -> < -> = -> CapsLock -> ' -> Z -> CapsLock -> { -> Enter -> Shift -> s -> 1 -> [ -> j"
1233058-w004,1233058,694,2026-01-02T11:20:17.899825,0,1,false_positive,AC,21.252,4,0,0,= -> 0 -> i -> Shift -> ; -> Shiftx31 -> < -> a -> x -> m -> ; -> i -> Shift -> +x2 -> Enter -> Shift -> Enter -> { -> r -> e -> s -> u -> l -> t -> [ -> i -> = -> a -> [ -> i -> - -> ' -> a -> + -> b -> [ -> i -> - -> ' -> a -> i -> n -> t ->   -> s -> u -> m -> ; -> Enter -> i -> f -> Shift -> ( -> s -> u -> m -> Shift -> > -> 2 -> 5 -> Shift -> { -> Enterx2 -> Control -> c -> Control -> Insert -> Control -> v -> Control -> Insert -> i -> Control -> Insert -> Controlx10 -> c -> Control -> Insert -> Control -> v -> Control -> Insert -> Shift -> ( -> Shift -> % -> 2 -> 5 -> Shift -> ) -> + -> ' -> a -> ; -> Enter -> e -> l -> s -> e -> Enter
1233058-w005,1233058,732,2026-01-02T11:24:13.995300,0,1,false_positive,AC,156.065,0,0,0,x -> m -> ; -> i -> Shift -> +x2 -> Enter -> Shift -> Enter -> { -> r -> e -> s -> u -> l -> t -> [ -> i -> = -> a -> [ -> i -> - -> ' -> a -> + -> b -> [ -> i -> - -> ' -> a -> i -> n -> t ->   -> s -> u -> m -> ; -> Enter -> i -> f -> Shift -> ( -> s -> u -> m -> Shift -> > -> 2 -> 5 -> Shift -> { -> Enterx2 -> Control -> c -> Control -> Insert -> Control -> v -> Control -> Insert -> i -> Control -> Insert -> Controlx10 -> c -> Control -> Insert -> Control -> v -> Control -> Insert -> Shift -> ( -> Shift -> % -> 2 -> 5 -> Shift -> ) -> + -> ' -> a -> ; -> Enter -> e -> l -> s -> e -> Enter -> Shift -> { -> Enter -> Control -> Insert -> Enter -> Controlx20 -> c
1169596-w004,1169596,946,2025-12-26T16:41:13.575225,0,1,false_positive,AC,25.205,6,6,0,"{ -> 1 -> , -> c -> h -> a -> r -> 0 -> . -> , -> Shift -> X -> , -> 9 -> , -> 8 -> , -> 7 -> , -> 6 -> , -> 5 -> , -> 4 -> , -> 3 -> , -> 2 -> } -> Shift -> ; -> Enter -> i -> n -> t ->   -> cx2 -> h -> a -> r ->   -> c -> = -> u -> j -> d -> e -> g -> [ -> m -> o -> d -> ; -> Enter -> i -> f -> Shift -> ( -> i -> d -> [ -> 1 -> 7 -> Shift -> ! -> = -> c ->   -> e -> r -> = -> 2 -> 1 -> ; -> Enter -> i -> Enter -> f -> Shift -> ( -> r -> e -> r -> 1 -> = -> 1 -> Shift -> &x2 -> e -> r -> 2 -> r -> =x2 -> 0 -> = ->   -> p -> r -> i -> n"
1355214-w005,1355214,577,2026-01-08T22:57:38.103000,0,1,false_positive,AC,41.393,0,0,0,"! -> Shift -> Control -> Insert -> Shift -> + -> Shift -> + -> Shift -> | -> Shift -> | -> s -> [ -> i -> =x2 -> ' -> Shift -> @ -> Shift -> | -> Shift -> | -> s -> [ -> i -> = -> ' -> Shift -> # -> Shiftx2 -> | -> s -> | -> [ -> i -> = -> ' -> Insert -> Control -> c -> Controlx2 -> Insert -> v -> Control -> Insert -> Control -> Insert -> Shiftx5 -> | -> Shift -> | -> s -> [ -> i -> = -> ' -> Shift -> * -> | -> Shift -> | -> Shift -> s -> [ -> i -> = -> Shift -> "" -> ' -> Shift -> ~ -> c -> Shift -> + -> Shift -> + -> ; -> Enter -> i -> f -> Shift -> ( -> c -> o -> u -> n -> t -> Shift -> > -> = -> 3 -> p -> r -> i -> n -> t -> f -> Shift -> ("
1282793-w004,1282793,586,2026-01-05T22:27:09.520450,0,1,false_positive,AC,54.36,0,0,0,"y -> = -> a -> [ -> x -> 1 -> + -> [ -> y -> + -> a -> [ -> x -> + -> 2 -> [ -> y -> = -> 1 -> ; -> Enter -> Control -> c -> v -> Control -> + -> 1 -> + -> 1 -> + -> 1x2 -> + -> 1 -> + -> 2 -> Enter -> f -> o -> r -> ( -> i -> n -> Shift ->   -> t -> i -> = -> 0 -> x -> ; -> x -> Shift -> < -> ; -> n -> x -> +x2 -> Enter -> Shift -> { -> Enter -> f -> o -> r -> Shift -> ) -> Shift -> ( -> i -> t ->   -> n -> y -> = -> ; -> 0 -> y -> Shift -> < -> m -> ; -> y -> +x2 -> Enter -> Shift -> { -> Shift -> Enterx2 -> p -> r -> i -> n -> Shift -> ( -> Shift -> "" -> \ -> n -> ; -> Enter"
1282793-w005,1282793,602,2026-01-05T22:30:32.583800,0,1,false_positive,AC,64.131,0,0,0,"y -> = -> 1 -> ; -> Enter -> Control -> c -> v -> Control -> + -> 1 -> + -> 1 -> + -> 1x2 -> + -> 1 -> + -> 2 -> Enter -> f -> o -> r -> ( -> i -> n -> Shift ->   -> t -> i -> = -> 0 -> x -> ; -> x -> Shift -> < -> ; -> n -> x -> +x2 -> Enter -> Shift -> { -> Enter -> f -> o -> r -> Shift -> ) -> Shift -> ( -> i -> t ->   -> n -> y -> = -> ; -> 0 -> y -> Shift -> < -> m -> ; -> y -> +x2 -> Enter -> Shift -> { -> Shift -> Enterx2 -> p -> r -> i -> n -> Shift -> ( -> Shift -> "" -> \ -> n -> ; -> Enter -> p -> Shift -> ( -> Shiftx3 -> "" -> \ -> n -> ; -> Enter -> r -> e -> t -> u -> r -> n ->  "
1326292-w002,1326292,144,2026-01-07T20:33:57.544125,0,1,false_positive,AC,47.964,0,0,0,"Shift -> # -> Shiftx2 -> < -> s -> t -> d -> i -> . -> o -> h -> > -> Enter -> Shift -> i -> n -> t ->   -> m -> a -> i -> n -> Shift -> ( -> Shift -> Enter -> { -> n -> t ->   -> i -> n -> ; -> Enter -> w -> h -> i -> l -> e -> Shift -> ( -> s -> c -> a -> n -> f -> Shift -> ( -> Shift -> "" -> Shift -> % -> d -> , -> Shift -> & -> n -> Shift -> ! -> = -> CapsLockx2 -> e -> o -> f -> CapsLockx2 -> e -> o -> f -> CapsLock -> E -> F -> O -> CapsLock -> Shift -> { -> Enter -> o -> f -> r -> Shift -> ( -> i -> n -> t -> i ->   -> = -> 0 -> ; -> i -> Shift -> n -> < -> ; -> i -> Shift -> +x2 -> Shift -> { -> Enter"
