window_id,solution_id,event_index,window_end_time,label,prediction,error_type,current_idle_s,keys_30s,text_keys_30s,clipboard_ops_30s,backspace_30s,enter_30s,control_30s,keys_60s,text_keys_60s,judge,key_summary
1201971-w002,1201971,523,2025-12-29T19:11:16.619375,0,1,false_positive,59.19,0,0,0,0,0,0,6,5,AC,"Shift -> CapsLock -> Shift -> i -> t ->   -> n -> a -> [ -> CapsLock -> M -> A -> X -> [ -> M -> A -> X -> CapsLock -> , -> M -> CapsLockx2 -> mx2 -> [ -> CapsLock -> M -> A -> X -> [ -> M -> A -> X -> ; -> Enter -> F -> O -> R -> Shift -> ( -> I -> N -> CapsLock -> o -> r -> Shift -> ( -> f -> i -> n -> t ->   -> i -> = -> 0 -> ; -> Shift -> < -> n -> i -> ; -> i -> Shift -> +x2 -> s -> Enter -> f -> o -> r -> Shift -> ( -> n -> t ->   -> i -> j -> = -> 0 -> ; -> Shift -> < -> j -> m -> j -> ; -> j -> Shift -> +x2 -> s -> Enter -> Shift -> { -> s -> Enterx2 -> Shift -> { -> Enter -> k -> , -> = -> 0 -> s"
1154790-w001,1154790,16,2025-12-25T16:15:06.193600,1,0,false_negative,22.039,4,4,0,0,0,0,8,8,WA,2 ->   -> 1x2 -> Backspacex5 -> Enter ->   -> m -> = -> y -> / -> 6 -> ;
1154790-w003,1154790,65,2025-12-25T16:22:32.222400,0,1,false_positive,119.65,0,0,0,0,0,0,0,0,WA,2 ->   -> 1x2 -> Backspacex5 -> Enter ->   -> m -> = -> y -> / -> 6 -> ; -> m -> Enter -> i -> n -> y -> t ->   -> n -> = -> y -> Shift -> % -> 6 -> ; -> 6 -> Shiftx7 -> * -> m -> Shift -> + -> 1 -> Shiftx6 -> + -> 2 -> Shift -> * -> m -> 1 ->   -> 1 -> 0 -> bx2 -> 0x3 -> Control -> c
1154790-w004,1154790,135,2025-12-25T16:26:15.236800,0,1,false_positive,45.703,0,0,0,0,0,0,14,14,WA,2 ->   -> 1x2 -> Backspacex5 -> Enter ->   -> m -> = -> y -> / -> 6 -> ; -> m -> Enter -> i -> n -> y -> t ->   -> n -> = -> y -> Shift -> % -> 6 -> ; -> 6 -> Shiftx7 -> * -> m -> Shift -> + -> 1 -> Shiftx6 -> + -> 2 -> Shift -> * -> m -> 1 ->   -> 1 -> 0 -> bx2 -> 0x3 -> Control -> c -> Enterx2 -> Control -> c -> Control -> v -> Enter -> a -> n -> a -> i -> n -> t ->   -> l -> e -> a -> e -> x -> t -> r -> a -> = -> 0 -> ; -> x -> e -> t -> r -> a -> - -> e -> x -> t -> r -> a -> - -> 2 -> Shiftx12 -> * -> n -> = -> + -> 1 -> Shift -> Backspacex10 -> 7 ->   -> 1 -> 3
1154790-w005,1154790,140,2025-12-25T16:29:58.251200,1,0,false_negative,0.491,3,3,0,0,0,0,3,3,WA,2 ->   -> 1x2 -> Backspacex5 -> Enter ->   -> m -> = -> y -> / -> 6 -> ; -> m -> Enter -> i -> n -> y -> t ->   -> n -> = -> y -> Shift -> % -> 6 -> ; -> 6 -> Shiftx7 -> * -> m -> Shift -> + -> 1 -> Shiftx6 -> + -> 2 -> Shift -> * -> m -> 1 ->   -> 1 -> 0 -> bx2 -> 0x3 -> Control -> c -> Enterx2 -> Control -> c -> Control -> v -> Enter -> a -> n -> a -> i -> n -> t ->   -> l -> e -> a -> e -> x -> t -> r -> a -> = -> 0 -> ; -> x -> e -> t -> r -> a -> - -> e -> x -> t -> r -> a -> - -> 2 -> Shiftx12 -> * -> n -> = -> + -> 1 -> Shift -> Backspacex10 -> 7 ->   -> 1 -> 3 -> Control -> c -> = -> -
1080234-w004,1080234,518,2025-12-18T14:11:40.498400,1,0,false_negative,2.818,7,6,1,0,0,1,7,6,WA,", -> 1 -> 3 -> Shiftx29 -> } -> Shiftx3 -> ; -> Enter -> i -> n -> t ->   -> t -> o -> a -> l -> t -> Shift -> _ -> d -> a -> y -> s -> = -> 0 -> ; -> t -> o -> t -> a -> l -> = -> m -> o -> [ -> m -> - -> 1 -> ; -> Enter -> i -> f -> Shift -> ( -> m -> = -> 2 -> Shift -> &x2 -> i -> s -> 9 -> Shift -> ( -> y -> Shift -> { -> Enter -> t -> Shift -> +x2 -> ; -> Enter -> p -> r -> i -> n -> t -> f -> Shift -> ( -> "" -> % -> d -> \ -> n -> , -> t -> o -> ; -> Enter -> r -> e -> t -> u -> r -> n ->   -> 0 -> ; -> Enter -> f -> i -> Shift -> ( -> m -> Shiftx4 -> < -> 0 -> Shift"
1055866-w001,1055866,5,2025-12-15T19:40:54.985000,1,0,false_negative,29.157,6,0,0,0,0,3,6,0,WA,Control -> Insert -> Control -> Insert -> Control -> Insert
1055866-w003,1055866,7,2025-12-15T19:41:42.832000,1,0,false_negative,5.051,2,0,0,0,0,1,2,0,WA,Control -> Insert -> Control -> Insert -> Control -> Insert -> Control -> Insert
1055866-w004,1055866,7,2025-12-15T19:42:06.755500,1,0,false_negative,28.974,2,0,0,0,0,1,2,0,WA,Control -> Insert -> Control -> Insert -> Control -> Insert -> Control -> Insert
1055866-w005,1055866,22,2025-12-15T19:42:30.679000,1,0,false_negative,0.291,15,7,0,0,1,3,17,7,WA,Control -> Insert -> Control -> Insert -> Control -> Insert -> Control -> Insert -> Control -> Insert -> Control -> Insert -> Control -> Insert -> Enter -> i -> f -> Shift -> ( -> j -> Shift -> * -> j
1009937-w003,1009937,373,2025-12-08T21:59:51.083350,0,1,false_positive,44.595,0,0,0,0,0,0,29,20,AC,". -> h -> Shift -> > -> w -> h -> i -> e -> Shift -> l -> ( -> s -> c -> a -> n -> f -> Shift -> ( -> : -> Shift -> "" -> Shift -> % -> D -> s -> , -> s ->   -> Shiftx6 -> @ -> = -> CapsLock -> Shift -> ! -> = ->   -> Shift -> e -> o -> f -> Shift -> o -> f -> e -> CapsLock -> Shift -> E -> O -> F -> Shift -> { -> Enter -> s -> r -> t -> l -> Shift -> ( -> s -> ; -> i -> n -> t ->   -> l -> e -> n ->   -> = ->   -> Enter -> f -> o -> r -> Shift -> ( -> i -> n -> t ->   -> i ->   -> = ->   -> 0 -> ; ->   -> , ->   -> j ->  x2 -> l -> e -> = -> n -> - -> 1 -> i -> Shift -> <"
1009937-w004,1009937,398,2025-12-08T22:01:13.717825,1,0,false_negative,28.223,3,2,0,0,1,0,24,22,AC,", -> s ->   -> Shiftx6 -> @ -> = -> CapsLock -> Shift -> ! -> = ->   -> Shift -> e -> o -> f -> Shift -> o -> f -> e -> CapsLock -> Shift -> E -> O -> F -> Shift -> { -> Enter -> s -> r -> t -> l -> Shift -> ( -> s -> ; -> i -> n -> t ->   -> l -> e -> n ->   -> = ->   -> Enter -> f -> o -> r -> Shift -> ( -> i -> n -> t ->   -> i ->   -> = ->   -> 0 -> ; ->   -> , ->   -> j ->  x2 -> l -> e -> = -> n -> - -> 1 -> i -> Shift -> < -> = -> j -> ; ->   -> i -> Shift -> +x2 -> , ->   -> j -> Shiftx2 -> -x2 -> Shift -> { -> Enter -> f -> Shift -> i -> ( -> s -> [ -> i ->   -> Shift -> !"
1008476-w002,1008476,159,2025-12-08T20:22:55.224250,1,0,false_negative,18.694,2,2,0,0,0,0,2,2,AC,"Shiftx4 -> # -> i -> n -> c -> l -> u -> d ->   -> e -> Shiftx27 -> < -> > -> Shiftx2 -> s -> t -> d -> i -> o -> . -> h -> Enter -> i -> n -> t -> m -> a ->   -> i -> n -> Shift -> ( -> ) -> { -> Enterx2 -> i -> n -> t ->   -> n -> ; -> w -> h -> i -> Enter -> e -> l -> ( -> ) -> Shift -> i -> n -> t ->   -> n -> s -> c -> a -> n -> f -> g -> Shift -> ( -> Shift -> "" -> % -> D -> d -> , -> Shift -> n -> & -> Shift -> 1 -> Shiftx3 -> ! -> = -> Shiftx13 -> E -> Shift -> O -> F -> Shift -> { -> Enter -> Control -> v -> - -> 1 -> Enterx2 -> Shift -> } -> Enter -> p -> Enter -> p -> Shift -> ( -> Shift -> """
1135122-w001,1135122,178,2025-12-24T08:24:47.867800,1,0,false_negative,26.876,1,1,0,0,1,0,3,2,AC,"Shift -> # -> i -> n -> l -> u -> d -> e -> c -> Shift -> < -> s -> d -> i -> t -> o -> . -> h -> Shift -> > -> Enter -> Shiftx6 -> # -> i -> n -> c -> Shift -> < -> t -> r -> i -> s -> n -> g -> . -> j -> h -> Shift -> > -> Enterx2 -> i -> n ->   -> t -> , -> m -> a -> m -> a -> n ->   -> i -> Shift -> ( -> Enter -> Shift -> { -> Enter -> i -> n -> t ->   -> Enter -> + -> t -> n ->   -> ix2 -> o -> j -> nx2 -> r -> t ->   -> x -> e -> i -> w -> hx2 -> i -> l -> e -> Shift -> ( -> s -> a -> n -> f -> c -> Shift -> ( -> "" -> % -> d -> , -> Shiftx13 -> & -> n -> Shift -> ~"
1135122-w005,1135122,870,2025-12-24T08:40:10.950100,1,0,false_negative,11.03,1,1,0,0,0,0,12,12,AC,Enter -> i -> n -> t ->   -> l -> a -> s -> t -> Shift -> _ -> c -> a -> h -> a -> r -> = -> - -> 0 -> 1 -> - -> 1 -> 2 -> 1 -> ; -> Enter -> f -> o -> r -> Shift -> ( -> i -> n ->   -> t -> Shift -> W -> c -> = -> Shift -> - -> W -> 1 -> ; -> c -> Shift -> > -> 0 -> ; -> c -> Shift -> _x2 -> -x2 -> Shift -> { -> Enter -> = -> i -> f -> Shift -> ( -> g -> r -> i -> d -> [ -> r -> [ -> c -> Shift -> ! -> = -> ' ->   -> Shift -> ! -> = ->   -> ' -> Shiftx4 -> &x2 -> g -> r -> i -> d -> [ -> r -> [ -> c -> Shift -> ! -> = -> 0 -> Shift -> { -> Enter -> l -> a -> = -> c
1145934-w004,1145934,91,2025-12-25T10:00:45.210750,1,0,false_negative,17.671,6,6,0,0,1,0,19,17,AC,"Control -> v -> Enter -> Shift -> } -> Shift -> 2 -> * -> Shift -> ( -> Shift -> ) -> n -> -x2 -> y -> x -> y -> Shift -> + -> x -> Shift -> + -> 1 -> ; -> y -> Shift -> < -> = -> n -> ; -> y -> Shiftx2 -> +x2 -> Shift -> { -> Enter -> p -> i -> r -> t -> m -> n -> t -> f -> Shift -> ( -> Shift -> "" -> Shift -> % -> . -> 2 -> d -> , -> i -> ; -> Enter -> p -> r -> n -> t -> f -> i -> Shift -> ( -> Shift -> "" -> \ -> n -> ; -> Enter -> p -> r -> i -> n -> t -> f -> Shift -> ( -> Shift -> "" -> \ -> n -> ; -> / -> * -> Enter -> * -> /"
1145934-w005,1145934,100,2025-12-25T10:02:29.635000,1,0,false_negative,6.429,3,3,0,0,1,0,6,5,AC,"Control -> v -> Enter -> Shift -> } -> Shift -> 2 -> * -> Shift -> ( -> Shift -> ) -> n -> -x2 -> y -> x -> y -> Shift -> + -> x -> Shift -> + -> 1 -> ; -> y -> Shift -> < -> = -> n -> ; -> y -> Shiftx2 -> +x2 -> Shift -> { -> Enter -> p -> i -> r -> t -> m -> n -> t -> f -> Shift -> ( -> Shift -> "" -> Shift -> % -> . -> 2 -> d -> , -> i -> ; -> Enter -> p -> r -> n -> t -> f -> i -> Shift -> ( -> Shift -> "" -> \ -> n -> ; -> Enter -> p -> r -> i -> n -> t -> f -> Shift -> ( -> Shift -> "" -> \ -> n -> ; -> / -> * -> Enter -> * -> / -> Enter -> / -> * -> Enter -> Shift -> } -> Enter -> / -> *"
1006107-w004,1006107,269,2025-12-08T19:03:11.603250,1,0,false_negative,4.223,3,2,0,0,0,0,3,2,WA,"h -> Shift -> > -> Enter -> i -> n -> t ->   -> m -> a -> i -> n -> Shift -> ( -> Enter -> Shift -> { -> Enter -> r -> e -> t -> u -> r -> n ->   -> 0 -> ; -> Enter -> w -> h -> i -> l -> e -> Shift -> ( -> s -> c -> a -> n -> f -> Shift -> ( -> Shift -> "" -> Shift -> % -> d -> , -> Shift -> & -> n -> Shift -> ! -> = -> Shift -> O -> E -> F -> Shift -> Enter -> [ -> Enterx2 -> Shift -> { -> Enterx2 -> i -> n -> t ->   -> n -> ; -> f -> o -> r -> Shift -> ( -> i -> t ->   -> n -> i -> = -> 0 -> ; -> i -> Shiftx11 -> < -> n -> 1 -> = -> ; -> i -> Shiftx2 -> +x2 -> Enter -> Shift -> Enter -> Shift -> Enter -> Shift"
1006107-w005,1006107,277,2025-12-08T19:07:54.573000,0,1,false_positive,241.62,0,0,0,0,0,0,0,0,WA,"m -> a -> i -> n -> Shift -> ( -> Enter -> Shift -> { -> Enter -> r -> e -> t -> u -> r -> n ->   -> 0 -> ; -> Enter -> w -> h -> i -> l -> e -> Shift -> ( -> s -> c -> a -> n -> f -> Shift -> ( -> Shift -> "" -> Shift -> % -> d -> , -> Shift -> & -> n -> Shift -> ! -> = -> Shift -> O -> E -> F -> Shift -> Enter -> [ -> Enterx2 -> Shift -> { -> Enterx2 -> i -> n -> t ->   -> n -> ; -> f -> o -> r -> Shift -> ( -> i -> t ->   -> n -> i -> = -> 0 -> ; -> i -> Shiftx11 -> < -> n -> 1 -> = -> ; -> i -> Shiftx2 -> +x2 -> Enter -> Shift -> Enter -> Shift -> Enter -> Shift -> { -> Enter -> f -> o -> r -> Shift -> ( -> i"
1120829-w004,1120829,442,2025-12-22T20:55:00.339775,1,0,false_negative,26.601,4,4,0,0,0,0,8,8,MLE,"u -> [ -> m -> 1x2 -> 0 -> i -> * -> y -> i -> n -> g -> =x2 -> 1 ->   -> o -> n -> c -> t -> n -> u -> i -> e -> ; -> Enter -> l -> s -> ex2 ->   -> Shift -> ( -> Shiftx3 -> { -> Enter -> n -> u -> m -> [ -> i -> * -> y -> i -> n -> g -> Control -> Insert -> =x2 -> 1 -> ; -> Enter -> f -> o -> r -> Shift -> ( -> i -> n ->   -> t -> a -> , -> b -> ; -> Enter -> w -> h -> i -> l -> e -> Shift -> ( -> s -> c -> a -> n -> f -> Shift -> ( -> Shift -> "" -> %x2 -> dx2 -> , -> Shift -> &x2 -> a -> , -> b -> Shiftx4 -> 1 -> = -> Shiftx2 -> ! -> = -> Shiftx4 -> E -> o -> Shift -> O -> F -> Shift"
1297782-w001,1297782,22,2026-01-06T19:04:39.088400,1,0,false_negative,2.912,21,19,0,0,1,0,23,20,AC,Shift -> # -> i -> n -> c -> u -> l -> d -> e -> Shift -> s -> < -> t -> d -> i -> o -> . -> h -> Shift -> > -> Enter -> i -> n
1299589-w001,1299589,58,2026-01-06T20:23:42.642400,0,1,false_positive,84.287,0,0,0,0,0,0,0,0,AC,"Shift -> # -> i -> n -> c -> l -> u -> d -> e -> Shift -> < -> t -> d -> s -> i -> . -> o -> h -> Shift -> > -> Enter -> n -> t ->   -> i -> m -> i -> n -> Shift -> a -> ( -> Shift -> { -> Enterx6 -> r -> e -> t -> u -> r ->   -> 0 -> n -> ; -> i -> n -> t ->   -> a -> , -> b -> , -> n -> ; -> Enter"
1249728-w001,1249728,106,2026-01-04T08:22:48.066000,1,0,false_negative,21.088,1,1,0,0,0,0,3,2,WA,"Shift -> # -> Shift ->   -> Shift -> < -> s -> t -> d -> i -> o -> . -> h -> Shift -> Enterx2 -> > -> i -> n -> t ->   -> m -> i -> n -> a -> Shift -> ( -> Enter -> { -> Enter -> Shift -> s -> c -> a -> i -> n -> t ->   -> w -> h -> i -> l -> e -> Shift -> ( -> s ->   -> c -> a -> n -> f -> ( -> Shift -> "" -> Shiftx2 -> % -> d -> , -> & -> Shift -> n ->  x2 -> Shift -> ! -> = ->   -> CapsLock -> E -> O -> F -> Enter -> Shift -> CapsLock -> { -> Enterx2 -> r -> e -> t -> u -> r -> n ->   -> 0 -> ; -> Shift -> Enter -> Shift -> i -> n -> t -> n -> ; ->   -> Enter -> t -> n -> i -> n -> t -> a ->  "
1090270-w005,1090270,630,2025-12-19T11:11:44.434500,0,1,false_positive,33.166,0,0,0,0,0,0,4,1,AC,Shift -> ( -> e -> v -> e -> n -> [ -> j -> > -> Shift -> Enter -> i -> n -> t ->   -> t -> ; -> = -> e -> v -> e -> n -> [ -> j -> e -> v -> e -> n -> [ -> j -> Shift -> + -> 1 -> Shift -> { -> Enter -> e -> v -> n -> e -> [ -> j -> = -> e -> v -> e -> n -> Shift -> J -> [ -> Shift -> + -> 1 -> j -> ; -> Enter -> e -> v -> e -> n -> [ -> j -> Shift -> + -> 1 -> - -> = -> t -> ; -> Control -> Insert -> Control -> Insert -> Control -> c -> Control -> v -> Control -> v -> ox3 -> dx4 -> ox2 -> dx2 -> o -> dx2 -> o -> dx2 -> o -> dx2 -> Control -> Insert -> Enter -> r -> f -> o -> Shift -> ( -> i -> n -> t
1132940-w003,1132940,402,2025-12-23T22:35:29.438800,0,1,false_positive,50.818,0,0,0,0,0,0,1,0,AC,". -> h -> i -> n -> t ->   -> l -> e -> n -> Shiftx3 -> _ -> 1 -> = ->  x2 -> s -> t -> r -> l -> e -> n -> Shift -> ( -> b -> ; -> Enter -> i -> n -> t ->   -> l -> e -> n -> Shift -> + -> Shift -> _ -> 2 ->   -> = ->   -> s -> t -> r -> l -> e -> n ->   -> Shift -> ( -> a -> f -> ; -> Enterx3 -> v -> o -> i -> d ->   -> m -> a -> x -> Shiftx2 -> i -> n -> t -> ( ->   -> a -> , -> i -> n -> t ->   -> b -> Shift -> { -> Enter -> r -> e -> t ->   -> Shiftx7 -> ( -> a ->   -> Shift -> > ->   -> b ->   -> Shift -> ? ->   -> a ->   -> : -> Shift ->   -> b -> ;"
1132940-w004,1132940,456,2025-12-23T22:39:30.245100,0,1,false_positive,86.807,0,0,0,0,0,0,0,0,AC,"; -> Enterx3 -> v -> o -> i -> d ->   -> m -> a -> x -> Shiftx2 -> i -> n -> t -> ( ->   -> a -> , -> i -> n -> t ->   -> b -> Shift -> { -> Enter -> r -> e -> t ->   -> Shiftx7 -> ( -> a ->   -> Shift -> > ->   -> b ->   -> Shift -> ? ->   -> a ->   -> : -> Shift ->   -> b -> ; -> Enter -> i -> n -> t ->   -> m -> x -> a ->   -> Shift -> _ -> l -> e -> nx2 ->   -> = ->   -> m -> a -> x -> ( -> Shift -> l -> 1 -> ; -> , -> l -> Enter -> ; -> f -> o -> r -> Shift -> ( -> i -> n -> t ->   -> n ->   -> = ->   -> 0 -> i -> j -> ; ->   -> i ->   -> Shift -> <"
1055705-w004,1055705,778,2025-12-15T19:34:52.992075,1,0,false_negative,1.539,14,8,2,0,0,3,14,8,WA,"v -> , -> Controlx8 -> Shift -> & -> Control -> v -> ; -> m -> a -> e -> n -> c -> Enter -> Control -> v -> t -> o -> t -> a -> l -> = -> Controlx4 -> v -> Control -> = -> - -> Control -> = -> Control -> - -> Control -> = -> Control -> = -> Control -> -x2 -> Shift -> + -> Controlx5 -> v -> Shift -> + -> Control -> v -> c -> Control -> Insert -> e -> n -> m -> a -> r -> hx2 -> t -> ; -> Enter -> q -> s -> o -> t -> r -> Shift -> ( -> s -> d -> . -> t -> ,x2 -> n -> s -> i -> z -> o -> ex2 -> o -> d -> Shift -> ( -> =x2 -> f -> Shift -> ( -> sx2 -> t -> r -> u -> c -> t ->   -> s -> t -> d -> u -> e -> n -> t -> , -> m -> p"
1272023-w002,1272023,483,2026-01-05T16:32:40.661625,0,1,false_positive,82.992,0,0,0,0,0,0,0,0,TLE,"n -> , -> c -> u -> o -> n -> t -> ; -> , -> c -> o -> u -> n -> t -> ; -> Enter -> i -> n -> t ->   -> i -> s -> p -> r -> i -> m -> e -> Shift -> ( -> i -> n -> t ->   -> n -> Enter -> Shift -> { -> Enter -> i -> f -> Shift -> n -> ( -> Shift -> < -> = -> 1 -> Enter -> r -> e -> t -> u -> r -> n ->   -> ; -> Enter -> 0 -> i -> f -> Shift -> n -> ( -> Shift -> < -> = -> 3 -> Enter -> r -> Alt ->   -> 1 -> ; -> Enter -> i -> f -> Shift -> ( -> n -> Shiftx5 -> 2 -> % -> =x2 -> 0 -> Shift -> |x2 -> n -> Shift -> % -> 3 -> =x2 -> 0 -> Enter -> r ->   -> 0 -> ; -> Enter ->   -> Enter"
1259801-w004,1259801,205,2026-01-04T19:21:04.951524999,1,0,false_negative,16.562,16,15,0,0,1,0,36,30,AC,"# -> i -> n -> c -> Shift -> l -> u -> d -> Shift -> < -> e -> s -> d -> t -> i -> o -> . -> h -> Shift -> Enter -> > -> n -> t ->   -> m -> i -> a -> i -> Shift -> N -> ( -> Shift -> ( -> n -> Shift -> { -> Enter -> ' -> Enterx3 -> r -> t -> u -> r -> e -> n ->   -> 0 -> ; -> Enter -> Shift -> } -> i -> n -> t -> s ->   -> , -> e -> , -> r -> Enter -> ; -> w -> h -> i -> e -> Shift -> l -> ( -> s -> c -> a -> n -> f -> Shift -> ( -> "" -> s -> Shift -> ~ -> e -> , -> r -> , -> Shift -> & -> s -> Shift -> "" -> % -> d -> Shift -> ~ -> Shift -> d -> % -> , -> Shift -> d -> %"
1259801-w005,1259801,214,2026-01-04T19:21:48.101099999,1,0,false_negative,17.817,9,6,0,0,0,0,10,7,AC,"# -> i -> n -> c -> Shift -> l -> u -> d -> Shift -> < -> e -> s -> d -> t -> i -> o -> . -> h -> Shift -> Enter -> > -> n -> t ->   -> m -> i -> a -> i -> Shift -> N -> ( -> Shift -> ( -> n -> Shift -> { -> Enter -> ' -> Enterx3 -> r -> t -> u -> r -> e -> n ->   -> 0 -> ; -> Enter -> Shift -> } -> i -> n -> t -> s ->   -> , -> e -> , -> r -> Enter -> ; -> w -> h -> i -> e -> Shift -> l -> ( -> s -> c -> a -> n -> f -> Shift -> ( -> "" -> s -> Shift -> ~ -> e -> , -> r -> , -> Shift -> & -> s -> Shift -> "" -> % -> d -> Shift -> ~ -> Shift -> d -> % -> , -> Shift -> d -> %"
1429511-w002,1429511,445,2026-03-24T14:09:05.360125,0,1,false_positive,31.18,0,0,0,0,0,0,59,57,AC,"< -> n -> l -> ; -> m -> ; ->   -> + -> i -> + ->   -> { -> Enter -> s -> Shift -> c -> n -> a -> f -> d -> Shift -> * -> (x2 -> "" -> % -> d ->   -> Shift -> % -> d ->   -> Shift -> % -> D -> d ->   -> , -> Shift -> & -> p -> , ->   -> & -> Shift -> m -> , ->   -> Shift -> c -> & -> ; -> [ -> o -> ix2 -> [ -> i -> [ -> i -> Enterx2 -> f -> r -> o ->   -> Shift -> ( -> i -> n -> t ->   -> i -> = -> 0 -> ; ->   -> i -> Shift -> < -> n -> ; -> m -> ; ->   -> +x2 -> u ->   -> i -> Shift -> Enter -> { -> Enter -> v -> e -> c -> t -> r -> Shift -> < -> o -> i -> n"
1429511-w004,1429511,478,2026-03-24T14:15:12.908775,0,1,false_positive,150.728,0,0,0,0,0,0,0,0,AC,"% -> D -> d ->   -> , -> Shift -> & -> p -> , ->   -> & -> Shift -> m -> , ->   -> Shift -> c -> & -> ; -> [ -> o -> ix2 -> [ -> i -> [ -> i -> Enterx2 -> f -> r -> o ->   -> Shift -> ( -> i -> n -> t ->   -> i -> = -> 0 -> ; ->   -> i -> Shift -> < -> n -> ; -> m -> ; ->   -> +x2 -> u ->   -> i -> Shift -> Enter -> { -> Enter -> v -> e -> c -> t -> r -> Shift -> < -> o -> i -> n -> t -> Shift -> > ->   -> d -> p -> Shiftx5 -> n -> ( -> + -> , ->   -> 0 -> 1 -> ; -> f -> o -> r ->   -> Shift -> ( -> i -> n -> t ->   -> j -> = -> 0 -> ; ->   -> j -> Shift"
1429511-w005,1429511,478,2026-03-24T14:18:16.683100,0,1,false_positive,334.502,0,0,0,0,0,0,0,0,AC,"% -> D -> d ->   -> , -> Shift -> & -> p -> , ->   -> & -> Shift -> m -> , ->   -> Shift -> c -> & -> ; -> [ -> o -> ix2 -> [ -> i -> [ -> i -> Enterx2 -> f -> r -> o ->   -> Shift -> ( -> i -> n -> t ->   -> i -> = -> 0 -> ; ->   -> i -> Shift -> < -> n -> ; -> m -> ; ->   -> +x2 -> u ->   -> i -> Shift -> Enter -> { -> Enter -> v -> e -> c -> t -> r -> Shift -> < -> o -> i -> n -> t -> Shift -> > ->   -> d -> p -> Shiftx5 -> n -> ( -> + -> , ->   -> 0 -> 1 -> ; -> f -> o -> r ->   -> Shift -> ( -> i -> n -> t ->   -> j -> = -> 0 -> ; ->   -> j -> Shift"
1017474-w002,1017474,95,2025-12-10T08:49:47.886750,0,1,false_positive,41.723,0,0,0,0,0,0,1,1,AC,"Control -> i -> # -> Shift -> i -> n -> c -> l -> u -> d -> ex3 -> Shift -> < -> s -> t -> d -> i -> o -> . -> h -> Shift -> > -> Enter -> i -> n -> t ->   -> m -> a -> i -> n -> Shift -> ( -> Shift -> { -> Shift -> { -> Enter -> w -> i -> h -> l -> e -> Shift -> ( -> s -> c -> a -> n -> f -> Shift -> ( -> Enter -> c -> h -> a -> r ->   -> n -> u -> m -> Shift -> { -> 6 -> [ -> 6 -> = -> Shift -> { -> 0 -> Shift -> } -> ; -> Shift -> "" -> Shift -> % -> s ->   -> ,x2 ->   -> n -> u -> m -> Shift -> ! -> = -> e -> o -> f -> Shift -> { -> Enter"
1017474-w005,1017474,265,2025-12-10T08:54:23.344800,0,1,false_positive,38.538,0,0,0,0,0,0,6,5,AC,"t -> d -> i -> o -> . -> h -> Shift -> > -> Enter -> i -> n -> t ->   -> m -> a -> i -> n -> Shift -> ( -> Shift -> { -> Shift -> { -> Enter -> w -> i -> h -> l -> e -> Shift -> ( -> s -> c -> a -> n -> f -> Shift -> ( -> Enter -> c -> h -> a -> r ->   -> n -> u -> m -> Shift -> { -> 6 -> [ -> 6 -> = -> Shift -> { -> 0 -> Shift -> } -> ; -> Shift -> "" -> Shift -> % -> s ->   -> ,x2 ->   -> n -> u -> m -> Shift -> ! -> = -> e -> o -> f -> Shift -> { -> Enter -> i -> n -> t ->   -> t -> = -> 0 -> ; -> Enter -> i -> f -> Shift -> ( -> n -> u -> m -> [ -> 5 -> 4 -> =x2 -> '"
1070364-w002,1070364,178,2025-12-17T09:17:37.743625,0,1,false_positive,47.01,0,0,0,0,0,0,8,8,WA,"Shift -> # -> i -> n -> c -> l -> u -> d -> Shift -> e -> Shift -> < -> s -> t -> d -> i -> o -> h -> . -> Shift -> > -> Enter -> i -> n -> t ->   -> m -> a -> i -> n -> Shift -> ) -> Shift -> ( -> v -> i -> o -> i -> d -> Shift -> { -> Enter -> i -> t ->   -> a -> n -> , -> b -> ; -> Enter -> s -> c -> a -> n -> g -> f -> Shift -> ( -> "" -> % -> d -> Shift -> % -> d -> , -> Shiftx6 -> & -> a -> , -> Shiftx10 -> & -> b -> ; -> Enter -> f -> o -> r -> Shift -> ( -> b -> Shift -> > -> 0 -> Shift -> { -> Enterx2 -> n -> t ->   -> i -> c -> ; -> c -> = -> a -> Shiftx21 -> % -> b -> ;"
