n,positive_rate,predicted_rate,precision,recall,f1,false_prompts,false_prompt_rate,tp,tn,fp,fn,label,parameter,idle_s,keys_limit,split,f1_ci_low,f1_ci_high,context_s
268,0.1828358208955224,0.33955223880597013,0.5054945054945055,0.9387755102040817,0.6571428571428571,45,0.2054794520547945,46,174,45,3,recall_candidates,idle_s,5,8,dev,,,
98,0.20408163265306123,0.37755102040816324,0.5405405405405406,1.0,0.7017543859649124,17,0.21794871794871795,20,61,17,0,recall_candidates,idle_s,5,8,test,0.5357692307692308,0.8205128205128205,
268,0.1828358208955224,0.3246268656716418,0.5287356321839081,0.9387755102040817,0.676470588235294,41,0.1872146118721461,46,178,41,3,recall_candidates,idle_s,10,8,dev,,,
98,0.20408163265306123,0.3673469387755102,0.5555555555555556,1.0,0.7142857142857143,16,0.20512820512820512,20,62,16,0,recall_candidates,idle_s,10,8,test,0.5517241379310345,0.8421052631578948,
268,0.1828358208955224,0.30597014925373134,0.5487804878048781,0.9183673469387755,0.6870229007633588,37,0.1689497716894977,45,182,37,4,recall_candidates,idle_s,15,8,dev,,,
98,0.20408163265306123,0.35714285714285715,0.5714285714285714,1.0,0.7272727272727273,15,0.19230769230769232,20,63,15,0,recall_candidates,idle_s,15,8,test,0.5714285714285715,0.85,
268,0.1828358208955224,0.2835820895522388,0.5657894736842105,0.8775510204081632,0.6880000000000001,33,0.1506849315068493,43,186,33,6,recall_candidates,idle_s,20,8,dev,,,
98,0.20408163265306123,0.35714285714285715,0.5714285714285714,1.0,0.7272727272727273,15,0.19230769230769232,20,63,15,0,recall_candidates,idle_s,20,8,test,0.5714285714285715,0.85,
268,0.1828358208955224,0.26865671641791045,0.5694444444444444,0.8367346938775511,0.6776859504132232,31,0.1415525114155251,41,188,31,8,recall_candidates,idle_s,25,8,dev,,,
98,0.20408163265306123,0.3469387755102041,0.5588235294117647,0.95,0.7037037037037037,15,0.19230769230769232,19,63,15,1,recall_candidates,idle_s,25,8,test,0.5667410714285716,0.8205128205128205,
268,0.1828358208955224,0.2574626865671642,0.5652173913043478,0.7959183673469388,0.6610169491525423,30,0.136986301369863,39,189,30,10,recall_candidates,idle_s,27,8,dev,,,
98,0.20408163265306123,0.336734693877551,0.5454545454545454,0.9,0.679245283018868,15,0.19230769230769232,18,63,15,2,recall_candidates,idle_s,27,8,test,0.5277863777089784,0.7894736842105263,
268,0.1828358208955224,0.2462686567164179,0.5757575757575758,0.7755102040816326,0.6608695652173914,28,0.1278538812785388,38,191,28,11,recall_candidates,idle_s,30,8,dev,,,
98,0.20408163265306123,0.336734693877551,0.5454545454545454,0.9,0.679245283018868,15,0.19230769230769232,18,63,15,2,recall_candidates,idle_s,30,8,test,0.5277863777089784,0.7894736842105263,
268,0.1828358208955224,0.23507462686567165,0.5873015873015873,0.7551020408163265,0.6607142857142858,26,0.1187214611872146,37,193,26,12,recall_candidates,idle_s,33,8,dev,,,
98,0.20408163265306123,0.3163265306122449,0.5483870967741935,0.85,0.6666666666666665,14,0.1794871794871795,17,64,14,3,recall_candidates,idle_s,33,8,test,0.5,0.7777777777777777,
268,0.1828358208955224,0.23507462686567165,0.5873015873015873,0.7551020408163265,0.6607142857142858,26,0.1187214611872146,37,193,26,12,recall_candidates,idle_s,35,8,dev,,,
98,0.20408163265306123,0.30612244897959184,0.5666666666666667,0.85,0.68,13,0.16666666666666666,17,65,13,3,recall_candidates,idle_s,35,8,test,0.5185185185185185,0.7999999999999999,
268,0.1828358208955224,0.19776119402985073,0.6037735849056604,0.6530612244897959,0.6274509803921567,21,0.0958904109589041,32,198,21,17,recall_candidates,idle_s,45,8,dev,,,
98,0.20408163265306123,0.2857142857142857,0.6071428571428571,0.85,0.7083333333333333,11,0.14102564102564102,17,67,11,3,recall_candidates,idle_s,45,8,test,0.553544061302682,0.8181818181818182,
268,0.1828358208955224,0.17164179104477612,0.6521739130434783,0.6122448979591837,0.631578947368421,16,0.0730593607305936,30,203,16,19,recall_candidates,idle_s,60,8,dev,,,
98,0.20408163265306123,0.22448979591836735,0.7272727272727273,0.8,0.761904761904762,6,0.07692307692307693,16,72,6,4,recall_candidates,idle_s,60,8,test,0.6338516746411483,0.8571428571428571,
268,0.1828358208955224,0.1044776119402985,0.5714285714285714,0.32653061224489793,0.41558441558441556,12,0.0547945205479452,16,207,12,33,recall_candidates,idle_s,90,8,dev,,,
98,0.20408163265306123,0.16326530612244897,0.6875,0.55,0.6111111111111112,5,0.0641025641025641,11,73,5,9,recall_candidates,idle_s,90,8,test,0.375,0.7272727272727272,
268,0.1828358208955224,0.0708955223880597,0.5789473684210527,0.22448979591836735,0.32352941176470584,8,0.0365296803652968,11,211,8,38,recall_candidates,idle_s,120,8,dev,,,
98,0.20408163265306123,0.14285714285714285,0.7142857142857143,0.5,0.588235294117647,4,0.05128205128205128,10,74,4,10,recall_candidates,idle_s,120,8,test,0.3333333333333333,0.7200000000000001,
268,0.1828358208955224,0.2462686567164179,0.5757575757575758,0.7755102040816326,0.6608695652173914,28,0.1278538812785388,38,191,28,11,recall_candidates,keys_30s_limit,30,1,dev,,,
98,0.20408163265306123,0.336734693877551,0.5454545454545454,0.9,0.679245283018868,15,0.19230769230769232,18,63,15,2,recall_candidates,keys_30s_limit,30,1,test,0.5277863777089784,0.7894736842105263,
268,0.1828358208955224,0.2462686567164179,0.5757575757575758,0.7755102040816326,0.6608695652173914,28,0.1278538812785388,38,191,28,11,recall_candidates,keys_30s_limit,30,2,dev,,,
98,0.20408163265306123,0.336734693877551,0.5454545454545454,0.9,0.679245283018868,15,0.19230769230769232,18,63,15,2,recall_candidates,keys_30s_limit,30,2,test,0.5277863777089784,0.7894736842105263,
268,0.1828358208955224,0.2462686567164179,0.5757575757575758,0.7755102040816326,0.6608695652173914,28,0.1278538812785388,38,191,28,11,recall_candidates,keys_30s_limit,30,3,dev,,,
98,0.20408163265306123,0.336734693877551,0.5454545454545454,0.9,0.679245283018868,15,0.19230769230769232,18,63,15,2,recall_candidates,keys_30s_limit,30,3,test,0.5277863777089784,0.7894736842105263,
268,0.1828358208955224,0.2462686567164179,0.5757575757575758,0.7755102040816326,0.6608695652173914,28,0.1278538812785388,38,191,28,11,recall_candidates,keys_30s_limit,30,4,dev,,,
98,0.20408163265306123,0.336734693877551,0.5454545454545454,0.9,0.679245283018868,15,0.19230769230769232,18,63,15,2,recall_candidates,keys_30s_limit,30,4,test,0.5277863777089784,0.7894736842105263,
268,0.1828358208955224,0.2462686567164179,0.5757575757575758,0.7755102040816326,0.6608695652173914,28,0.1278538812785388,38,191,28,11,recall_candidates,keys_30s_limit,30,5,dev,,,
98,0.20408163265306123,0.336734693877551,0.5454545454545454,0.9,0.679245283018868,15,0.19230769230769232,18,63,15,2,recall_candidates,keys_30s_limit,30,5,test,0.5277863777089784,0.7894736842105263,
268,0.1828358208955224,0.2462686567164179,0.5757575757575758,0.7755102040816326,0.6608695652173914,28,0.1278538812785388,38,191,28,11,recall_candidates,keys_30s_limit,30,6,dev,,,
98,0.20408163265306123,0.336734693877551,0.5454545454545454,0.9,0.679245283018868,15,0.19230769230769232,18,63,15,2,recall_candidates,keys_30s_limit,30,6,test,0.5277863777089784,0.7894736842105263,
268,0.1828358208955224,0.2462686567164179,0.5757575757575758,0.7755102040816326,0.6608695652173914,28,0.1278538812785388,38,191,28,11,recall_candidates,keys_30s_limit,30,8,dev,,,
98,0.20408163265306123,0.336734693877551,0.5454545454545454,0.9,0.679245283018868,15,0.19230769230769232,18,63,15,2,recall_candidates,keys_30s_limit,30,8,test,0.5277863777089784,0.7894736842105263,
268,0.1828358208955224,0.2462686567164179,0.5757575757575758,0.7755102040816326,0.6608695652173914,28,0.1278538812785388,38,191,28,11,recall_candidates,keys_30s_limit,30,10,dev,,,
98,0.20408163265306123,0.336734693877551,0.5454545454545454,0.9,0.679245283018868,15,0.19230769230769232,18,63,15,2,recall_candidates,keys_30s_limit,30,10,test,0.5277863777089784,0.7894736842105263,
268,0.1828358208955224,0.2462686567164179,0.5757575757575758,0.7755102040816326,0.6608695652173914,28,0.1278538812785388,38,191,28,11,recall_candidates,keys_30s_limit,30,12,dev,,,
98,0.20408163265306123,0.336734693877551,0.5454545454545454,0.9,0.679245283018868,15,0.19230769230769232,18,63,15,2,recall_candidates,keys_30s_limit,30,12,test,0.5277863777089784,0.7894736842105263,
268,0.1828358208955224,0.2462686567164179,0.5757575757575758,0.7755102040816326,0.6608695652173914,28,0.1278538812785388,38,191,28,11,recall_candidates,keys_30s_limit,30,16,dev,,,
98,0.20408163265306123,0.336734693877551,0.5454545454545454,0.9,0.679245283018868,15,0.19230769230769232,18,63,15,2,recall_candidates,keys_30s_limit,30,16,test,0.5277863777089784,0.7894736842105263,
268,0.1828358208955224,0.2462686567164179,0.5757575757575758,0.7755102040816326,0.6608695652173914,28,0.1278538812785388,38,191,28,11,recall_candidates,keys_30s_limit,30,20,dev,,,
98,0.20408163265306123,0.336734693877551,0.5454545454545454,0.9,0.679245283018868,15,0.19230769230769232,18,63,15,2,recall_candidates,keys_30s_limit,30,20,test,0.5277863777089784,0.7894736842105263,
268,0.1828358208955224,0.2462686567164179,0.5757575757575758,0.7755102040816326,0.6608695652173914,28,0.1278538812785388,38,191,28,11,recall_candidates,keys_30s_limit,30,30,dev,,,
98,0.20408163265306123,0.336734693877551,0.5454545454545454,0.9,0.679245283018868,15,0.19230769230769232,18,63,15,2,recall_candidates,keys_30s_limit,30,30,test,0.5277863777089784,0.7894736842105263,
268,0.1828358208955224,0.2462686567164179,0.5757575757575758,0.7755102040816326,0.6608695652173914,28,0.1278538812785388,38,191,28,11,recall_candidates,context_s,30,8,dev,,,10.0
98,0.20408163265306123,0.336734693877551,0.5454545454545454,0.9,0.679245283018868,15,0.19230769230769232,18,63,15,2,recall_candidates,context_s,30,8,test,0.5277863777089784,0.7894736842105263,10.0
268,0.1828358208955224,0.2462686567164179,0.5757575757575758,0.7755102040816326,0.6608695652173914,28,0.1278538812785388,38,191,28,11,recall_candidates,context_s,30,8,dev,,,30.0
98,0.20408163265306123,0.336734693877551,0.5454545454545454,0.9,0.679245283018868,15,0.19230769230769232,18,63,15,2,recall_candidates,context_s,30,8,test,0.5277863777089784,0.7894736842105263,30.0
268,0.1828358208955224,0.19402985074626866,0.5769230769230769,0.6122448979591837,0.594059405940594,22,0.1004566210045662,30,197,22,19,recall_candidates,context_s,30,8,dev,,,60.0
98,0.20408163265306123,0.25510204081632654,0.64,0.8,0.7111111111111111,9,0.11538461538461539,16,69,9,4,recall_candidates,context_s,30,8,test,0.56,0.8333333333333334,60.0
268,0.1828358208955224,0.09328358208955224,0.56,0.2857142857142857,0.37837837837837834,11,0.0502283105022831,14,208,11,35,recall_candidates,context_s,30,8,dev,,,120.0
98,0.20408163265306123,0.15306122448979592,0.7333333333333333,0.55,0.6285714285714286,4,0.05128205128205128,11,74,4,9,recall_candidates,context_s,30,8,test,0.41000000000000003,0.761904761904762,120.0
237,0.08438818565400844,0.2616033755274262,0.27419354838709675,0.85,0.4146341463414634,45,0.2073732718894009,17,172,45,3,human_reviewed,idle_s,5,8,dev,,,
83,0.03614457831325301,0.24096385542168675,0.15,1.0,0.2608695652173913,17,0.2125,3,63,17,0,human_reviewed,idle_s,5,8,test,0.0,0.42857142857142855,
237,0.08438818565400844,0.24472573839662448,0.29310344827586204,0.85,0.4358974358974359,41,0.1889400921658986,17,176,41,3,human_reviewed,idle_s,10,8,dev,,,
83,0.03614457831325301,0.2289156626506024,0.15789473684210525,1.0,0.2727272727272727,16,0.2,3,64,16,0,human_reviewed,idle_s,10,8,test,0.0,0.4615384615384615,
237,0.08438818565400844,0.22362869198312235,0.3018867924528302,0.8,0.4383561643835617,37,0.17050691244239632,16,180,37,4,human_reviewed,idle_s,15,8,dev,,,
83,0.03614457831325301,0.21686746987951808,0.16666666666666666,1.0,0.2857142857142857,15,0.1875,3,65,15,0,human_reviewed,idle_s,15,8,test,0.0,0.4615384615384615,
237,0.08438818565400844,0.20253164556962025,0.2916666666666667,0.7,0.4117647058823529,34,0.15668202764976957,14,183,34,6,human_reviewed,idle_s,20,8,dev,,,
83,0.03614457831325301,0.20481927710843373,0.17647058823529413,1.0,0.3,14,0.175,3,66,14,0,human_reviewed,idle_s,20,8,test,0.0,0.5,
237,0.08438818565400844,0.18143459915611815,0.2558139534883721,0.55,0.34920634920634924,32,0.14746543778801843,11,185,32,9,human_reviewed,idle_s,25,8,dev,,,
83,0.03614457831325301,0.20481927710843373,0.17647058823529413,1.0,0.3,14,0.175,3,66,14,0,human_reviewed,idle_s,25,8,test,0.0,0.5,
237,0.08438818565400844,0.16877637130801687,0.225,0.45,0.3,31,0.14285714285714285,9,186,31,11,human_reviewed,idle_s,27,8,dev,,,
83,0.03614457831325301,0.1927710843373494,0.125,0.6666666666666666,0.21052631578947367,14,0.175,2,66,14,1,human_reviewed,idle_s,27,8,test,0.0,0.36363636363636365,
237,0.08438818565400844,0.15611814345991562,0.21621621621621623,0.4,0.2807017543859649,29,0.1336405529953917,8,188,29,12,human_reviewed,idle_s,30,8,dev,,,
83,0.03614457831325301,0.1927710843373494,0.125,0.6666666666666666,0.21052631578947367,14,0.175,2,66,14,1,human_reviewed,idle_s,30,8,test,0.0,0.36363636363636365,
237,0.08438818565400844,0.1350210970464135,0.1875,0.3,0.23076923076923075,26,0.11981566820276497,6,191,26,14,human_reviewed,idle_s,33,8,dev,,,
83,0.03614457831325301,0.1927710843373494,0.125,0.6666666666666666,0.21052631578947367,14,0.175,2,66,14,1,human_reviewed,idle_s,33,8,test,0.0,0.36363636363636365,
237,0.08438818565400844,0.1308016877637131,0.1935483870967742,0.3,0.23529411764705882,25,0.1152073732718894,6,192,25,14,human_reviewed,idle_s,35,8,dev,,,
83,0.03614457831325301,0.1927710843373494,0.125,0.6666666666666666,0.21052631578947367,14,0.175,2,66,14,1,human_reviewed,idle_s,35,8,test,0.0,0.36363636363636365,
237,0.08438818565400844,0.08438818565400844,0.05,0.05,0.05000000000000001,19,0.08755760368663594,1,198,19,19,human_reviewed,idle_s,45,8,dev,,,
83,0.03614457831325301,0.18072289156626506,0.13333333333333333,0.6666666666666666,0.2222222222222222,13,0.1625,2,67,13,1,human_reviewed,idle_s,45,8,test,0.0,0.4,
237,0.08438818565400844,0.05907172995780591,0.0,0.0,0.0,14,0.06451612903225806,0,203,14,20,human_reviewed,idle_s,60,8,dev,,,
83,0.03614457831325301,0.0963855421686747,0.0,0.0,0.0,8,0.1,0,72,8,3,human_reviewed,idle_s,60,8,test,0.0,0.0,
237,0.08438818565400844,0.046413502109704644,0.0,0.0,0.0,11,0.05069124423963134,0,206,11,20,human_reviewed,idle_s,90,8,dev,,,
83,0.03614457831325301,0.07228915662650602,0.0,0.0,0.0,6,0.075,0,74,6,3,human_reviewed,idle_s,90,8,test,0.0,0.0,
237,0.08438818565400844,0.029535864978902954,0.0,0.0,0.0,7,0.03225806451612903,0,210,7,20,human_reviewed,idle_s,120,8,dev,,,
83,0.03614457831325301,0.060240963855421686,0.0,0.0,0.0,5,0.0625,0,75,5,3,human_reviewed,idle_s,120,8,test,0.0,0.0,
237,0.08438818565400844,0.15611814345991562,0.21621621621621623,0.4,0.2807017543859649,29,0.1336405529953917,8,188,29,12,human_reviewed,keys_30s_limit,30,1,dev,,,
83,0.03614457831325301,0.1927710843373494,0.125,0.6666666666666666,0.21052631578947367,14,0.175,2,66,14,1,human_reviewed,keys_30s_limit,30,1,test,0.0,0.36363636363636365,
237,0.08438818565400844,0.15611814345991562,0.21621621621621623,0.4,0.2807017543859649,29,0.1336405529953917,8,188,29,12,human_reviewed,keys_30s_limit,30,2,dev,,,
83,0.03614457831325301,0.1927710843373494,0.125,0.6666666666666666,0.21052631578947367,14,0.175,2,66,14,1,human_reviewed,keys_30s_limit,30,2,test,0.0,0.36363636363636365,
237,0.08438818565400844,0.15611814345991562,0.21621621621621623,0.4,0.2807017543859649,29,0.1336405529953917,8,188,29,12,human_reviewed,keys_30s_limit,30,3,dev,,,
83,0.03614457831325301,0.1927710843373494,0.125,0.6666666666666666,0.21052631578947367,14,0.175,2,66,14,1,human_reviewed,keys_30s_limit,30,3,test,0.0,0.36363636363636365,
237,0.08438818565400844,0.15611814345991562,0.21621621621621623,0.4,0.2807017543859649,29,0.1336405529953917,8,188,29,12,human_reviewed,keys_30s_limit,30,4,dev,,,
83,0.03614457831325301,0.1927710843373494,0.125,0.6666666666666666,0.21052631578947367,14,0.175,2,66,14,1,human_reviewed,keys_30s_limit,30,4,test,0.0,0.36363636363636365,
237,0.08438818565400844,0.15611814345991562,0.21621621621621623,0.4,0.2807017543859649,29,0.1336405529953917,8,188,29,12,human_reviewed,keys_30s_limit,30,5,dev,,,
83,0.03614457831325301,0.1927710843373494,0.125,0.6666666666666666,0.21052631578947367,14,0.175,2,66,14,1,human_reviewed,keys_30s_limit,30,5,test,0.0,0.36363636363636365,
237,0.08438818565400844,0.15611814345991562,0.21621621621621623,0.4,0.2807017543859649,29,0.1336405529953917,8,188,29,12,human_reviewed,keys_30s_limit,30,6,dev,,,
83,0.03614457831325301,0.1927710843373494,0.125,0.6666666666666666,0.21052631578947367,14,0.175,2,66,14,1,human_reviewed,keys_30s_limit,30,6,test,0.0,0.36363636363636365,
237,0.08438818565400844,0.15611814345991562,0.21621621621621623,0.4,0.2807017543859649,29,0.1336405529953917,8,188,29,12,human_reviewed,keys_30s_limit,30,8,dev,,,
83,0.03614457831325301,0.1927710843373494,0.125,0.6666666666666666,0.21052631578947367,14,0.175,2,66,14,1,human_reviewed,keys_30s_limit,30,8,test,0.0,0.36363636363636365,
237,0.08438818565400844,0.15611814345991562,0.21621621621621623,0.4,0.2807017543859649,29,0.1336405529953917,8,188,29,12,human_reviewed,keys_30s_limit,30,10,dev,,,
83,0.03614457831325301,0.1927710843373494,0.125,0.6666666666666666,0.21052631578947367,14,0.175,2,66,14,1,human_reviewed,keys_30s_limit,30,10,test,0.0,0.36363636363636365,
237,0.08438818565400844,0.15611814345991562,0.21621621621621623,0.4,0.2807017543859649,29,0.1336405529953917,8,188,29,12,human_reviewed,keys_30s_limit,30,12,dev,,,
83,0.03614457831325301,0.1927710843373494,0.125,0.6666666666666666,0.21052631578947367,14,0.175,2,66,14,1,human_reviewed,keys_30s_limit,30,12,test,0.0,0.36363636363636365,
237,0.08438818565400844,0.15611814345991562,0.21621621621621623,0.4,0.2807017543859649,29,0.1336405529953917,8,188,29,12,human_reviewed,keys_30s_limit,30,16,dev,,,
83,0.03614457831325301,0.1927710843373494,0.125,0.6666666666666666,0.21052631578947367,14,0.175,2,66,14,1,human_reviewed,keys_30s_limit,30,16,test,0.0,0.36363636363636365,
237,0.08438818565400844,0.15611814345991562,0.21621621621621623,0.4,0.2807017543859649,29,0.1336405529953917,8,188,29,12,human_reviewed,keys_30s_limit,30,20,dev,,,
83,0.03614457831325301,0.1927710843373494,0.125,0.6666666666666666,0.21052631578947367,14,0.175,2,66,14,1,human_reviewed,keys_30s_limit,30,20,test,0.0,0.36363636363636365,
237,0.08438818565400844,0.15611814345991562,0.21621621621621623,0.4,0.2807017543859649,29,0.1336405529953917,8,188,29,12,human_reviewed,keys_30s_limit,30,30,dev,,,
83,0.03614457831325301,0.1927710843373494,0.125,0.6666666666666666,0.21052631578947367,14,0.175,2,66,14,1,human_reviewed,keys_30s_limit,30,30,test,0.0,0.36363636363636365,
237,0.08438818565400844,0.15611814345991562,0.21621621621621623,0.4,0.2807017543859649,29,0.1336405529953917,8,188,29,12,human_reviewed,context_s,30,8,dev,,,10.0
83,0.03614457831325301,0.1927710843373494,0.125,0.6666666666666666,0.21052631578947367,14,0.175,2,66,14,1,human_reviewed,context_s,30,8,test,0.0,0.36363636363636365,10.0
237,0.08438818565400844,0.15611814345991562,0.21621621621621623,0.4,0.2807017543859649,29,0.1336405529953917,8,188,29,12,human_reviewed,context_s,30,8,dev,,,30.0
83,0.03614457831325301,0.1927710843373494,0.125,0.6666666666666666,0.21052631578947367,14,0.175,2,66,14,1,human_reviewed,context_s,30,8,test,0.0,0.36363636363636365,30.0
237,0.08438818565400844,0.08860759493670886,0.0,0.0,0.0,21,0.0967741935483871,0,196,21,20,human_reviewed,context_s,30,8,dev,,,60.0
83,0.03614457831325301,0.12048192771084337,0.0,0.0,0.0,10,0.125,0,70,10,3,human_reviewed,context_s,30,8,test,0.0,0.0,60.0
237,0.08438818565400844,0.04219409282700422,0.0,0.0,0.0,10,0.04608294930875576,0,207,10,20,human_reviewed,context_s,30,8,dev,,,120.0
83,0.03614457831325301,0.060240963855421686,0.0,0.0,0.0,5,0.0625,0,75,5,3,human_reviewed,context_s,30,8,test,0.0,0.0,120.0
281,0.24199288256227758,0.36298932384341637,0.5686274509803921,0.8529411764705882,0.6823529411764706,44,0.20657276995305165,58,169,44,10,human_complete,idle_s,5,8,dev,,,
99,0.2222222222222222,0.3838383838383838,0.5526315789473685,0.9545454545454546,0.7000000000000001,17,0.22077922077922077,21,60,17,1,human_complete,idle_s,5,8,test,0.5333333333333333,0.8205128205128205,
281,0.24199288256227758,0.34519572953736655,0.5773195876288659,0.8235294117647058,0.6787878787878787,41,0.19248826291079812,56,172,41,12,human_complete,idle_s,10,8,dev,,,
99,0.2222222222222222,0.37373737373737376,0.5675675675675675,0.9545454545454546,0.711864406779661,16,0.2077922077922078,21,61,16,1,human_complete,idle_s,10,8,test,0.5454545454545454,0.8379969992498124,
281,0.24199288256227758,0.3274021352313167,0.5978260869565217,0.8088235294117647,0.6875,37,0.17370892018779344,55,176,37,13,human_complete,idle_s,15,8,dev,,,
99,0.2222222222222222,0.36363636363636365,0.5833333333333334,0.9545454545454546,0.7241379310344828,15,0.19480519480519481,21,62,15,1,human_complete,idle_s,15,8,test,0.5568426724137933,0.8433333333333333,
281,0.24199288256227758,0.30604982206405695,0.6162790697674418,0.7794117647058824,0.6883116883116882,33,0.15492957746478872,53,180,33,15,human_complete,idle_s,20,8,dev,,,
99,0.2222222222222222,0.36363636363636365,0.5833333333333334,0.9545454545454546,0.7241379310344828,15,0.19480519480519481,21,62,15,1,human_complete,idle_s,20,8,test,0.5568426724137933,0.8433333333333333,
281,0.24199288256227758,0.2918149466192171,0.6219512195121951,0.75,0.6799999999999999,31,0.14553990610328638,51,182,31,17,human_complete,idle_s,25,8,dev,,,
99,0.2222222222222222,0.35353535353535354,0.5714285714285714,0.9090909090909091,0.7017543859649122,15,0.19480519480519481,20,62,15,2,human_complete,idle_s,25,8,test,0.5517241379310346,0.8165824915824915,
281,0.24199288256227758,0.28113879003558717,0.620253164556962,0.7205882352941176,0.6666666666666666,30,0.14084507042253522,49,183,30,19,human_complete,idle_s,27,8,dev,,,
99,0.2222222222222222,0.3434343434343434,0.5588235294117647,0.8636363636363636,0.6785714285714287,15,0.19480519480519481,19,62,15,3,human_complete,idle_s,27,8,test,0.5312745098039217,0.7901162790697673,
281,0.24199288256227758,0.26334519572953735,0.6216216216216216,0.6764705882352942,0.6478873239436619,28,0.13145539906103287,46,185,28,22,human_complete,idle_s,30,8,dev,,,
99,0.2222222222222222,0.3434343434343434,0.5588235294117647,0.8636363636363636,0.6785714285714287,15,0.19480519480519481,19,62,15,3,human_complete,idle_s,30,8,test,0.5312745098039217,0.7901162790697673,
281,0.24199288256227758,0.2491103202846975,0.6285714285714286,0.6470588235294118,0.6376811594202899,26,0.12206572769953052,44,187,26,24,human_complete,idle_s,33,8,dev,,,
99,0.2222222222222222,0.32323232323232326,0.5625,0.8181818181818182,0.6666666666666666,14,0.18181818181818182,18,63,14,4,human_complete,idle_s,33,8,test,0.5,0.7692307692307693,
281,0.24199288256227758,0.2491103202846975,0.6285714285714286,0.6470588235294118,0.6376811594202899,26,0.12206572769953052,44,187,26,24,human_complete,idle_s,35,8,dev,,,
99,0.2222222222222222,0.31313131313131315,0.5806451612903226,0.8181818181818182,0.679245283018868,13,0.16883116883116883,18,64,13,4,human_complete,idle_s,35,8,test,0.5185185185185185,0.7894736842105262,
281,0.24199288256227758,0.20284697508896798,0.631578947368421,0.5294117647058824,0.576,21,0.09859154929577464,36,192,21,32,human_complete,idle_s,45,8,dev,,,
99,0.2222222222222222,0.2828282828282828,0.6071428571428571,0.7727272727272727,0.68,11,0.14285714285714285,17,66,11,5,human_complete,idle_s,45,8,test,0.5217391304347826,0.7862128146453087,
281,0.24199288256227758,0.16370106761565836,0.6521739130434783,0.4411764705882353,0.5263157894736842,16,0.07511737089201878,30,197,16,38,human_complete,idle_s,60,8,dev,,,
99,0.2222222222222222,0.2222222222222222,0.7272727272727273,0.7272727272727273,0.7272727272727273,6,0.07792207792207792,16,71,6,6,human_complete,idle_s,60,8,test,0.6,0.8256592292089249,
281,0.24199288256227758,0.099644128113879,0.5714285714285714,0.23529411764705882,0.3333333333333333,12,0.056338028169014086,16,201,12,52,human_complete,idle_s,90,8,dev,,,
99,0.2222222222222222,0.16161616161616163,0.6875,0.5,0.5789473684210527,5,0.06493506493506493,11,72,5,11,human_complete,idle_s,90,8,test,0.3529411764705882,0.7030154277699856,
281,0.24199288256227758,0.06761565836298933,0.5789473684210527,0.16176470588235295,0.25287356321839083,8,0.03755868544600939,11,205,8,57,human_complete,idle_s,120,8,dev,,,
99,0.2222222222222222,0.1414141414141414,0.7142857142857143,0.45454545454545453,0.5555555555555556,4,0.05194805194805195,10,73,4,12,human_complete,idle_s,120,8,test,0.30769230769230765,0.6923076923076923,
281,0.24199288256227758,0.26334519572953735,0.6216216216216216,0.6764705882352942,0.6478873239436619,28,0.13145539906103287,46,185,28,22,human_complete,keys_30s_limit,30,1,dev,,,
99,0.2222222222222222,0.3434343434343434,0.5588235294117647,0.8636363636363636,0.6785714285714287,15,0.19480519480519481,19,62,15,3,human_complete,keys_30s_limit,30,1,test,0.5312745098039217,0.7901162790697673,
281,0.24199288256227758,0.26334519572953735,0.6216216216216216,0.6764705882352942,0.6478873239436619,28,0.13145539906103287,46,185,28,22,human_complete,keys_30s_limit,30,2,dev,,,
99,0.2222222222222222,0.3434343434343434,0.5588235294117647,0.8636363636363636,0.6785714285714287,15,0.19480519480519481,19,62,15,3,human_complete,keys_30s_limit,30,2,test,0.5312745098039217,0.7901162790697673,
281,0.24199288256227758,0.26334519572953735,0.6216216216216216,0.6764705882352942,0.6478873239436619,28,0.13145539906103287,46,185,28,22,human_complete,keys_30s_limit,30,3,dev,,,
99,0.2222222222222222,0.3434343434343434,0.5588235294117647,0.8636363636363636,0.6785714285714287,15,0.19480519480519481,19,62,15,3,human_complete,keys_30s_limit,30,3,test,0.5312745098039217,0.7901162790697673,
281,0.24199288256227758,0.26334519572953735,0.6216216216216216,0.6764705882352942,0.6478873239436619,28,0.13145539906103287,46,185,28,22,human_complete,keys_30s_limit,30,4,dev,,,
99,0.2222222222222222,0.3434343434343434,0.5588235294117647,0.8636363636363636,0.6785714285714287,15,0.19480519480519481,19,62,15,3,human_complete,keys_30s_limit,30,4,test,0.5312745098039217,0.7901162790697673,
281,0.24199288256227758,0.26334519572953735,0.6216216216216216,0.6764705882352942,0.6478873239436619,28,0.13145539906103287,46,185,28,22,human_complete,keys_30s_limit,30,5,dev,,,
99,0.2222222222222222,0.3434343434343434,0.5588235294117647,0.8636363636363636,0.6785714285714287,15,0.19480519480519481,19,62,15,3,human_complete,keys_30s_limit,30,5,test,0.5312745098039217,0.7901162790697673,
281,0.24199288256227758,0.26334519572953735,0.6216216216216216,0.6764705882352942,0.6478873239436619,28,0.13145539906103287,46,185,28,22,human_complete,keys_30s_limit,30,6,dev,,,
99,0.2222222222222222,0.3434343434343434,0.5588235294117647,0.8636363636363636,0.6785714285714287,15,0.19480519480519481,19,62,15,3,human_complete,keys_30s_limit,30,6,test,0.5312745098039217,0.7901162790697673,
281,0.24199288256227758,0.26334519572953735,0.6216216216216216,0.6764705882352942,0.6478873239436619,28,0.13145539906103287,46,185,28,22,human_complete,keys_30s_limit,30,8,dev,,,
99,0.2222222222222222,0.3434343434343434,0.5588235294117647,0.8636363636363636,0.6785714285714287,15,0.19480519480519481,19,62,15,3,human_complete,keys_30s_limit,30,8,test,0.5312745098039217,0.7901162790697673,
281,0.24199288256227758,0.26334519572953735,0.6216216216216216,0.6764705882352942,0.6478873239436619,28,0.13145539906103287,46,185,28,22,human_complete,keys_30s_limit,30,10,dev,,,
99,0.2222222222222222,0.3434343434343434,0.5588235294117647,0.8636363636363636,0.6785714285714287,15,0.19480519480519481,19,62,15,3,human_complete,keys_30s_limit,30,10,test,0.5312745098039217,0.7901162790697673,
281,0.24199288256227758,0.26334519572953735,0.6216216216216216,0.6764705882352942,0.6478873239436619,28,0.13145539906103287,46,185,28,22,human_complete,keys_30s_limit,30,12,dev,,,
99,0.2222222222222222,0.3434343434343434,0.5588235294117647,0.8636363636363636,0.6785714285714287,15,0.19480519480519481,19,62,15,3,human_complete,keys_30s_limit,30,12,test,0.5312745098039217,0.7901162790697673,
281,0.24199288256227758,0.26334519572953735,0.6216216216216216,0.6764705882352942,0.6478873239436619,28,0.13145539906103287,46,185,28,22,human_complete,keys_30s_limit,30,16,dev,,,
99,0.2222222222222222,0.3434343434343434,0.5588235294117647,0.8636363636363636,0.6785714285714287,15,0.19480519480519481,19,62,15,3,human_complete,keys_30s_limit,30,16,test,0.5312745098039217,0.7901162790697673,
281,0.24199288256227758,0.26334519572953735,0.6216216216216216,0.6764705882352942,0.6478873239436619,28,0.13145539906103287,46,185,28,22,human_complete,keys_30s_limit,30,20,dev,,,
99,0.2222222222222222,0.3434343434343434,0.5588235294117647,0.8636363636363636,0.6785714285714287,15,0.19480519480519481,19,62,15,3,human_complete,keys_30s_limit,30,20,test,0.5312745098039217,0.7901162790697673,
281,0.24199288256227758,0.26334519572953735,0.6216216216216216,0.6764705882352942,0.6478873239436619,28,0.13145539906103287,46,185,28,22,human_complete,keys_30s_limit,30,30,dev,,,
99,0.2222222222222222,0.3434343434343434,0.5588235294117647,0.8636363636363636,0.6785714285714287,15,0.19480519480519481,19,62,15,3,human_complete,keys_30s_limit,30,30,test,0.5312745098039217,0.7901162790697673,
281,0.24199288256227758,0.26334519572953735,0.6216216216216216,0.6764705882352942,0.6478873239436619,28,0.13145539906103287,46,185,28,22,human_complete,context_s,30,8,dev,,,10.0
99,0.2222222222222222,0.3434343434343434,0.5588235294117647,0.8636363636363636,0.6785714285714287,15,0.19480519480519481,19,62,15,3,human_complete,context_s,30,8,test,0.5312745098039217,0.7901162790697673,10.0
281,0.24199288256227758,0.26334519572953735,0.6216216216216216,0.6764705882352942,0.6478873239436619,28,0.13145539906103287,46,185,28,22,human_complete,context_s,30,8,dev,,,30.0
99,0.2222222222222222,0.3434343434343434,0.5588235294117647,0.8636363636363636,0.6785714285714287,15,0.19480519480519481,19,62,15,3,human_complete,context_s,30,8,test,0.5312745098039217,0.7901162790697673,30.0
281,0.24199288256227758,0.21352313167259787,0.6333333333333333,0.5588235294117647,0.59375,22,0.10328638497652583,38,191,22,30,human_complete,context_s,30,8,dev,,,60.0
99,0.2222222222222222,0.26262626262626265,0.6538461538461539,0.7727272727272727,0.7083333333333333,9,0.11688311688311688,17,68,9,5,human_complete,context_s,30,8,test,0.5576666666666668,0.820989304812834,60.0
281,0.24199288256227758,0.099644128113879,0.6071428571428571,0.25,0.3541666666666667,11,0.051643192488262914,17,202,11,51,human_complete,context_s,30,8,dev,,,120.0
99,0.2222222222222222,0.15151515151515152,0.7333333333333333,0.5,0.5945945945945945,4,0.05194805194805195,11,73,4,11,human_complete,context_s,30,8,test,0.375,0.7238181818181816,120.0
